slope_aver,tcurv_aver,twi_stddev,CLYPPT_ave,SNDPPT_ave,BLDFIE_ave,target
10.456576025,4.128e-07,1.5339716684,33.650745098,36.343639041,1475.9554469,1
6.304667988,0.0001334287,1.9953724086,34.303269707,30.646025661,1530.9451224,0
5.7106531314,5.1427e-05,1.4289331651,33.329935016,27.231512828,1542.6918119,0
5.4455342162,1.94082e-05,1.7116225245,37.999568628,27.26083386,1523.4184285,0
10.716360681,7.69496e-05,1.6205779232,34.617149013,32.348533592,1545.1402127,1
13.324596684,-6.4812e-05,1.6964287897,38.99071355,30.290126273,1445.5812313,1
15.205464614,-0.0002711912,1.4451622243,35.342885598,30.713951494,1531.815946,1
15.538448864,-0.000132897,2.1082196319,40.017045071,28.026989438,1504.5828534,1
8.9434524175,0.0001030569,1.6052972714,38.131805299,29.340426521,1528.1353412,0
13.801593987,0.0001762994,1.5113256989,33.214509446,32.282299767,1543.0557958,1
11.819645377,0.0001461744,1.7251943928,34.563603875,30.209618679,1473.7311187,1
4.1192477662,-7.20167e-05,1.9076197265,32.638513844,33.807826324,1598.3011126,0
14.46504621,4.81271e-05,1.7091076611,37.071964449,30.712410614,1470.5177232,1
16.535770441,0.0006830111,1.6644848901,37.525738194,29.733171533,1429.0374996,1
14.419978353,0.0001336308,1.6860774615,37.074749414,30.25718404,1498.9454269,1
24.458348247,6.20706e-05,1.2556660354,32.486523235,33.33167386,1459.3613072,1
9.3099081661,0.0002816359,1.9719111462,37.760475189,27.809304392,1482.3408354,1
9.8649481034,2.72686e-05,1.3424502361,39.868918553,26.463181308,1515.9176479,1
7.2823383735,2.58e-08,1.0375656414,37.753574706,26.566948255,1534.6602756,0
8.2563195322,-8.40081e-05,1.3175669916,33.84186303,28.463213886,1587.7235967,0
13.333948061,-4.11792e-05,1.7996861895,33.615533371,35.368304085,1461.8113308,1
3.7381981339,0.000179707,2.2618790289,38.791997608,26.899990628,1497.8338959,0
6.7115718082,-2.51209e-05,1.5603445354,34.165752733,33.050508981,1558.9768085,0
1.4992590762,5.97466e-05,1.7060755975,30.209073913,32.482283598,1515.1167758,0
8.2844765641,-7.9312e-06,1.6429489679,38.645019392,25.436692855,1566.7175625,0
12.003730947,5.70581e-05,1.0861804438,34.335442377,33.302243389,1482.6998772,1
3.9580656567,0.0001398792,1.5851665518,35.700374889,23.76246871,1572.5308476,0
6.5870083837,-3.77687e-05,1.4560863535,38.320833671,25.955030091,1539.1633551,0
10.15313895,6.8193e-05,1.6225931132,39.408518761,27.070624195,1546.9897436,1
8.7606490614,0.0001626918,2.1433100961,35.939127952,30.552779622,1497.4015551,0
11.670077962,-0.0001771286,1.5433084356,39.246049574,27.851807398,1422.9051417,1
20.985993217,2.64278e-05,1.1932370769,38.260741801,29.922285023,1528.2851509,1
9.5893016915,1.23338e-05,1.5159408839,33.142510565,33.673451027,1456.6942628,1
10.347372172,5.77493e-05,1.5983926755,38.534025333,28.807989083,1519.3391939,1
6.5644079512,-0.0001546433,1.7976190542,39.588852072,28.420161723,1498.7779977,0
6.3492455722,1.94669e-05,1.5053532453,38.835789991,23.768933879,1560.5385453,0
8.9047422185,-4.72699e-05,1.8194860857,33.229311214,29.165966632,1563.3446348,0
10.600342172,5.66141e-05,1.4233418731,36.638788275,30.407571718,1523.010205,1
10.513885806,-1.19714e-05,1.7161092389,35.543321006,32.153068657,1511.2221999,1
19.314914828,-4.96141e-05,1.6816025691,33.477405536,33.488910358,1451.0205037,1
10.56226807,9.87541e-05,1.5123435439,35.082306113,32.097823882,1515.5236318,1
7.1447623971,0.0001055532,1.5349607747,33.796006744,29.737840541,1578.9310893,0
6.5112180312,-1.2867e-05,1.5967525209,34.52455564,31.052635096,1541.926475,0
9.3515569382,-0.0001085406,1.7431757987,35.751025493,34.316677771,1486.7711384,1
10.524675355,0.0006438034,3.031159528,37.113223198,28.197164819,1482.300924,1
10.364039567,0.0004470942,1.5392166503,33.541207702,34.578809668,1456.7403858,1
6.3479954578,0.0003008905,1.6223041869,35.583319751,25.394075654,1566.8897407,0
8.6423409736,-7.36023e-05,1.3084995602,37.177819288,29.86215569,1538.4146272,0
13.601944063,0.0001871237,1.7848096426,38.373637536,28.094457933,1447.1421328,1
6.0974710471,7.94848e-05,2.0644267433,35.834802906,31.347474238,1502.2725263,0
0.9860087607,1.71809e-05,1.7745867742,33.023994494,29.851488815,1525.770178,0
6.9220362584,0.0001691106,1.4793862036,38.442584005,30.283549367,1485.2672902,0
6.4740978228,9.55405e-05,1.4099113853,36.610976036,28.211126262,1527.7153859,0
9.5913298166,-1.59327e-05,1.7168367457,37.443039761,28.849371967,1428.7187931,1
6.9950472682,-4.86626e-05,1.4276820373,35.394565158,26.232368959,1573.5558037,0
22.026829774,-7.19324e-05,1.7019216739,34.753332559,32.561363036,1516.4516623,1
12.873770513,-2.16529e-05,1.7114339702,31.40483861,34.562084211,1520.9630565,1
7.4774197814,0.0001143886,1.5706698991,32.512514295,33.24584638,1544.0340678,0
6.7832618167,0.0001170412,1.3824579444,34.301262826,26.61095533,1591.1910315,0
9.0554824498,-6.04291e-05,1.2093376997,40.288196491,28.247805941,1484.2794116,1
15.914941122,1.28756e-05,1.7449706634,34.46600232,33.487821701,1476.1871556,1
4.3394871643,-1.10063e-05,1.6195157501,35.053749445,26.398761061,1602.4643116,0
4.2386809499,-6.59931e-05,2.0350164277,36.943460034,30.867718743,1457.6445189,0
7.8723997344,0.0001618921,1.7945682701,37.077583862,27.804166413,1454.0459416,0
6.5373113682,-9.72243e-05,1.5128010886,37.278665737,27.226793116,1525.9643695,0
7.4967061006,3.70304e-05,1.4664408442,39.900810719,25.60616761,1545.0299186,0
9.3398377183,-0.000269472,1.5522509068,37.902158606,30.676797089,1462.6354527,1
21.130373491,-0.0001295801,1.6519416173,36.728700032,31.681788022,1479.8502823,1
5.3282932204,-0.0001057948,1.7839724193,37.77464213,28.426505775,1527.0432582,0
2.8403517096,0.0002928036,1.8771716795,31.932221053,28.811358572,1578.0246365,0
7.1215610519,0.0001520317,2.2615338639,38.323765203,26.396008101,1543.12654,0
9.8934605006,0.0001176368,1.2867062919,36.718915962,28.671936813,1516.6660991,1
2.9220198067,9.93794e-05,1.6540130356,33.750547267,26.056082441,1556.5250093,0
11.023974349,0.0001356205,1.3549580098,40.150389961,27.386789555,1542.9158611,1
10.487297586,0.0001723687,1.912324563,38.926064106,25.881092495,1575.4445058,1
4.1156078572,7.65602e-05,1.6579649895,34.086307072,27.300912317,1595.3543848,0
8.3732736097,6.91546e-05,1.8823918947,39.830158427,24.091305048,1583.8259439,0
5.0649648112,6.17868e-05,2.8141624661,36.824626993,26.608521363,1545.6551459,0
8.444587794,5.87629e-05,1.4188760305,38.550598236,27.291577487,1522.3945308,0
1.5985787092,5.17154e-05,1.4270205595,33.512272255,30.146702517,1559.9281274,0
10.980482118,-0.0001018526,1.1727668793,36.862892439,31.48453549,1443.9676565,1
5.4704963257,-8.78961e-05,1.6229431907,39.66207953,28.426552116,1464.7430395,0
6.2191917547,0.0003163581,2.5557154816,33.795944268,26.60545331,1597.0063748,0
3.0851270466,0.0001616432,2.0681267668,33.111726684,28.703390615,1563.0862694,0
19.020250894,0.0006468767,1.4038054935,31.563030968,37.088585417,1447.988924,1
8.7310573918,0.0002361695,2.369038217,37.660726055,26.218715206,1563.7133953,0
5.9573506836,5.29432e-05,1.874381766,33.253451823,28.272807497,1574.5535672,0
10.363201003,0.0001015341,1.8152103495,38.489030031,27.532353282,1556.8778941,1
8.1906286104,0.0001214105,1.574700437,38.411946611,26.40187618,1542.7682221,0
7.7880098706,-5.38594e-05,1.4338231822,36.656992943,33.075112333,1490.8443352,0
13.837489432,0.0001660298,1.6923430138,36.473214884,31.924810305,1481.6492725,1
10.233415829,0.0001633687,1.376996182,39.098063469,28.359373384,1494.13653,1
13.588363643,0.0004220756,2.6054667163,31.935263581,32.42911456,1450.4348323,1
19.007287141,8.28049e-05,1.5579447259,36.839928215,30.398051504,1462.0955182,1
7.888049271,0.0002457792,1.3477814244,33.916628415,32.030368048,1593.9129872,0
5.4634132166,0.0001897077,1.7354795487,37.028158287,25.945935891,1544.4760274,0
4.5586954939,2.95608e-05,1.5619192235,35.13354303,26.208847291,1561.5770219,0
7.157948681,5.75691e-05,1.2652752889,34.399676026,26.452268021,1558.7688836,0
12.36178613,-6.80609e-05,1.3855584907,31.897123507,34.642065232,1507.1716039,1
4.5902506652,3.23812e-05,1.7596412629,33.824031589,27.408281558,1548.9675717,0
7.419604875,0.0001098172,1.5494486892,35.2734762,28.346860858,1571.9192054,0
12.141499495,7.63428e-05,1.8824980319,35.130028351,28.767816611,1523.2358402,1
10.786116626,0.0002484222,1.7658753905,38.831338598,28.850961716,1452.7121744,1
9.2343489758,-9.2532e-05,1.9555156811,34.802160101,29.695529512,1540.0036868,1
10.809468068,0.0003344103,1.8704667791,35.814540703,28.609525814,1476.8927385,1
11.457918355,1.5759e-06,1.654738884,35.533569063,31.084220531,1586.7128977,1
6.6319031191,6.65902e-05,1.5445615795,39.600575817,28.236005663,1543.7381587,0
19.818816777,5.56119e-05,1.1454645019,34.83729836,32.059424631,1502.2992639,1
6.1699630346,9.82309e-05,1.8001917906,35.763655916,26.657681199,1598.5850392,0
7.6928976434,3.45085e-05,1.7889692078,38.42329641,25.742421974,1538.5860165,0
7.6289934402,1.7013e-06,1.453280955,39.393737652,25.945772855,1554.9433652,0
8.3127726443,6.1852e-05,1.6155263462,32.139528373,35.349016073,1497.9106482,0
9.7693794239,-0.0001324793,1.707841495,37.994563343,28.148113616,1471.0201094,1
9.7738127656,0.0002061805,1.2777043149,38.571298916,25.529880719,1576.2175773,1
22.879772337,0.0010744861,1.4020261262,32.461555294,36.221545828,1449.9936271,1
7.0285786198,-7.12027e-05,1.2886592233,36.352392851,27.731673098,1581.7649442,0
10.295964522,0.000129957,1.5138286461,38.145811777,28.337156051,1558.3954828,1
2.7097409272,-1.7117e-06,1.4399082525,34.574666334,32.046743621,1595.1556274,0
6.6683745085,0.0002392232,1.8348725759,34.404320851,31.002072476,1577.7010907,0
5.4619175872,7.80737e-05,1.870678378,32.780331141,30.54363726,1563.1908717,0
13.306147493,0.0001186771,1.4845498306,37.747173707,28.432026154,1475.3834434,1
7.6688643606,0.0001150816,1.7322254369,38.120239726,28.456406672,1528.0046192,0
15.621223503,-0.0007048551,0.9238700698,38.382706621,30.343642949,1458.7495039,1
14.804937764,0.0002662672,1.5921441012,36.23922952,31.430031111,1528.6224423,1
6.3885618787,7.3674e-05,1.5746761013,31.167858898,33.552106304,1565.0610208,0
13.385445392,0.0006949973,1.4869151384,38.146963903,27.596837462,1554.7607426,1
5.8783745852,0.0001706212,2.501743681,36.79017314,26.355848474,1510.5394511,0
10.123897863,0.0001318849,1.5914599281,36.120701806,27.347001895,1572.4297916,1
19.091586289,0.0005755415,2.1231838369,35.750806005,32.003316498,1501.20271,1
14.664270746,0.0003709713,1.3687600755,39.043734752,26.92423214,1501.5215677,1
12.82605986,0.0001727211,1.3445289026,40.54246706,28.459581174,1427.7460392,1
7.0028969747,-0.0001607832,1.958587877,38.539162659,28.045008648,1532.6936943,0
8.1296620155,-6.98831e-05,1.22627633,31.161515876,36.512105805,1461.2598684,0
15.60905005,0.0001772857,1.64032868,37.378741918,30.935564436,1460.8237313,1
7.2190106421,0.0001700648,2.0791900619,35.877878269,31.46233566,1523.5628509,0
3.1382499524,8.76285e-05,1.2606944649,36.387124109,25.514997904,1537.4766615,0
7.6786800824,0.0001504224,1.4975725394,32.597861014,33.733309711,1486.4294522,0
13.515793944,0.0001778235,1.432634424,33.516192388,33.111763437,1512.0006456,1
17.560337076,0.0008133373,2.8231586965,33.098689121,34.702731983,1468.1338435,1
8.7345708239,5.88707e-05,1.6999339561,37.408559779,28.576137863,1515.0092297,0
9.3041741486,-0.0001495638,1.278402272,37.119144096,31.06874094,1514.7430391,1
4.4778465662,-6.71696e-05,2.2360704988,36.52230996,26.843043751,1571.0848696,0
4.5824734841,0.0002667125,1.2384423305,30.30790426,33.751596169,1518.8246142,0
7.5535000122,0.0001922503,1.719245244,36.549020561,23.691408505,1574.4980898,0
8.4371278823,-8.00579e-05,1.2019451889,32.621006166,30.576482058,1587.6542476,0
11.192049076,0.0002830552,1.4975481971,38.164190609,29.451519101,1426.8570205,1
27.334673938,0.0005955455,2.3052782691,36.059544931,32.497282157,1474.0184692,1
13.595014201,0.0002715841,1.8487511737,33.728731889,33.634685303,1477.9477616,1
2.5932127232,8.2718e-05,1.3895311646,34.258049233,28.70697615,1606.663685,0
5.0475505598,-3.37536e-05,1.1476087371,37.482843582,25.933584937,1577.8723588,0
8.0584434666,-7.24502e-05,1.5680340399,36.000026553,28.406629707,1537.385484,0
19.305734911,0.000101795,1.5916996892,36.360728557,30.306189397,1372.9645555,1
6.4012848247,7.70786e-05,2.1323581072,34.456056597,29.690299857,1511.5418184,0
9.2242706911,-0.0002584247,1.6536600076,36.769434728,29.349322221,1475.705608,1
14.931258911,0.0001611395,1.1022271588,36.59927743,33.616541063,1458.7285752,1
9.0111876191,3.17482e-05,1.8852747977,35.359164243,29.29345653,1581.1544663,0
18.499079409,0.0003268621,2.0507064155,36.03835329,30.529237154,1510.9423345,1
3.7807784333,-9.01251e-05,2.0597669633,36.424477512,28.677707123,1586.7667186,0
6.6691494074,9.46793e-05,1.9145942538,34.383217556,32.525753979,1421.8236879,0
9.8581583298,-1.12893e-05,1.6341454502,39.324699837,26.473392813,1591.965874,1
7.376160007,0.0001355554,1.8985045741,38.598754576,29.306214587,1475.9049005,0
12.78097877,0.0001312044,1.7893471422,38.538137659,27.413708058,1479.5383093,1
10.480863308,-2.2422e-05,1.7923896674,37.759572917,29.884182707,1472.6541684,1
8.7225446828,8.92592e-05,2.1463304237,37.780368414,28.328306652,1496.0593035,0
12.199615306,5.34171e-05,1.4043935288,34.753010808,33.432829211,1463.9774068,1
5.1989281763,0.0002974239,1.8903236783,30.2165981,31.361505571,1553.7359685,0
17.839809157,0.0001737598,1.3857430163,33.736034533,33.877286974,1505.0860225,1
5.2850833678,2.36799e-05,1.6980680812,35.253352053,26.824201416,1545.1201448,0
3.4397001455,0.0001098358,1.6317712169,34.185450271,27.554441308,1553.3735795,0
15.022163258,0.0002935627,2.0677116506,35.701616413,32.015927874,1449.9819813,1
4.9988718764,2.70015e-05,1.2129032056,35.346517031,26.509861467,1553.3311641,0
5.6295645491,0.0004609517,0.919397178,31.122085771,29.713102776,1546.778121,0
10.858565564,-5.23362e-05,1.8149873303,40.474181544,26.847675917,1454.4906303,1
7.7429506683,7.01219e-05,1.381603338,34.120202766,33.77272436,1418.8503099,0
10.186876198,-0.0003353166,1.2142099095,37.154373989,27.685202551,1451.5198932,1
7.2033318019,0.000215421,2.0039662029,38.030019608,26.106142254,1601.3284021,0
10.519728864,8.55805e-05,1.5330989357,33.40942362,33.708593908,1492.4681872,1
16.87001159,0.0001527088,1.5128759056,36.715726187,31.15799163,1506.4916654,1
17.352699514,0.0002051785,1.7897998736,38.696183322,29.849192549,1489.5048457,1
20.116477473,-1.81645e-05,1.6889268628,34.648906686,32.618160715,1516.9109632,1
3.2808453731,9.9115e-06,1.309559206,27.92205668,36.113526381,1579.8717285,0
15.858378999,-3.35174e-05,1.0663037106,36.529998214,30.517127581,1413.3723699,1
8.1420955424,5.35623e-05,1.6412475,36.141155955,27.531744958,1592.8916911,0
5.2241252314,6.34073e-05,1.5457941229,35.696951398,30.719027544,1550.0954705,0
13.447133038,8.61712e-05,1.8462038988,37.650923529,28.03705831,1526.8737002,1
12.70512755,5.11985e-05,1.6945972807,36.970522646,30.708836899,1509.563733,1
9.3083316483,0.0001261092,1.6971278872,38.076270496,26.69024725,1505.1364832,1
11.924999139,-3.41523e-05,1.6559744668,38.739181485,28.818867924,1469.6021801,1
6.3027509542,0.0001389366,1.9034674055,34.542629651,28.47287561,1575.8633601,0
16.963640885,-0.0002043483,1.4680701253,36.155758747,31.992360652,1517.5263284,1
5.6921137929,4.78152e-05,1.7564359257,34.759157249,27.795884281,1593.2780035,0
3.8587296707,3.66903e-05,1.7113237036,33.913607015,29.772636621,1582.8965019,0
10.280853546,-0.0001545406,1.4063174447,38.326188611,28.883736745,1559.9667126,1
8.2622204753,7.78902e-05,1.8439176075,37.787192155,26.878644398,1583.0964947,0
3.4402716837,3.12342e-05,1.2733926281,30.644608149,32.546043865,1508.5309723,0
4.6299185853,-4.19544e-05,1.3585555807,30.025041182,35.679769394,1522.6445455,0
9.9514674623,0.0001849765,1.7142596405,38.254727957,29.924206875,1465.994263,1
11.565866291,-0.000147091,1.2728659767,34.397973115,29.995514362,1604.3597025,1
9.587191479,0.0004304338,1.0471647724,36.523633672,31.81462819,1483.4618932,1
12.699745019,0.0001818433,1.7886915292,37.940788803,26.905359154,1486.4738367,1
6.5296505551,0.0004116185,1.9967961754,36.527076093,26.894676992,1545.3992371,0
14.750185672,1.5044e-06,1.6598974789,36.492193013,30.521410805,1450.6228632,1
11.484440351,0.0002782979,1.7075984117,39.146366486,29.070700569,1445.1133687,1
8.77153489,2.51588e-05,2.0397054071,37.647505852,29.866228302,1483.8714629,0
15.679426239,-7.32328e-05,1.6732436331,37.82712628,29.272610006,1493.6287979,1
10.336912033,-1.75887e-05,1.3164959283,38.890258262,27.691803514,1471.6416463,1
8.079821821,7.19583e-05,1.6687800243,35.404693679,32.387050486,1488.1281217,0
7.4492235883,0.0001577864,1.6576949287,35.810530101,30.910342323,1526.0491601,0
7.6122739994,-0.0001645216,1.1925366531,39.529842602,22.120697529,1574.7662964,0
7.0902603586,-7.812e-07,1.1557797038,41.582505022,26.640410927,1535.5838369,0
4.1776556064,0.0002314375,1.1752416532,35.661442893,25.387593175,1571.2890069,0
4.2192028196,6.56712e-05,1.6140476314,37.037640389,24.024488001,1567.4573686,0
11.047660035,-0.0002697817,1.4001096653,38.407286735,28.559344445,1479.848572,1
7.0394166215,-8.97516e-05,1.3076085589,33.484242865,33.50884204,1510.8989437,0
14.949956428,0.0003863376,1.7430748494,38.54114605,29.132822923,1421.3765728,1
10.329339926,-0.0002315793,1.2603672027,32.702597173,34.945423158,1506.3399404,1
5.5496422664,-0.0001027672,1.6947946915,32.815158063,31.740236282,1520.1500875,0
9.2713825301,-6.75774e-05,1.1716321505,35.88919227,31.40757073,1510.1575014,1
22.372311116,0.0005434734,1.4832145105,32.674666578,36.94096266,1430.5153779,1
7.7859442406,0.0001236104,1.6167905593,34.527777966,34.416765867,1506.2203833,0
10.336394936,3.07983e-05,2.0765326593,38.477468445,27.34606196,1508.9744908,1
20.852108883,-0.0002208396,1.5058993282,33.29169516,33.41674883,1480.4896986,1
5.7345008635,2.96297e-05,1.4408304155,34.726380264,27.751081316,1561.8679926,0
19.270011142,0.0004178444,1.3483068505,36.978209834,29.903510007,1433.4099393,1
7.787187901,3.49828e-05,1.4026530888,35.567955094,26.15565727,1565.312394,0
7.2818632357,0.0001072247,1.5290937942,35.365001314,26.082863708,1588.5148739,0
9.2291312133,-4.0907e-05,1.8246913589,36.964275839,31.472970231,1472.5366133,1
7.3264221653,5.90662e-05,1.6477784591,39.625645836,26.004363452,1575.7179665,0
15.790921165,0.0004827203,1.4796741519,37.07127538,29.295850454,1464.0329648,1
5.9598313401,0.0001212022,1.6779130804,35.906394765,26.959461129,1500.0997002,0
12.029324636,0.0003732509,1.8542776866,38.467901664,30.071690582,1468.0150253,1
2.9186767273,0.0001346554,1.2876511912,29.015684719,36.699565655,1519.9014377,0
4.7954915366,4.49337e-05,1.5250890119,36.007841703,27.309410341,1601.2497989,0
6.9956559028,0.0001733765,1.9037723501,35.953737638,29.253796278,1570.9637862,0
7.5851630632,-0.0002274177,2.3338407831,37.567519933,29.781412798,1426.7626941,0
13.166829204,-5.2698e-05,1.8721754692,37.292330248,32.056499882,1484.7454634,1
8.1961573027,-5.06008e-05,1.6809064908,35.662993374,30.257820922,1487.8347973,0
11.530086871,2.93119e-05,1.399581885,35.511946644,29.837278652,1489.4414123,1
10.107538633,-0.0002550733,1.2017069419,36.206199853,32.743713744,1512.8288127,1
8.604812753,4.67032e-05,1.6597243292,37.875745296,30.921746743,1527.4717895,0
10.085300439,2.27273e-05,2.0342799077,37.269023899,30.860912676,1479.4666397,1
4.3940950035,0.0001191314,1.7409061362,34.330396679,28.787757015,1560.2709803,0
7.7067246893,-0.0003133136,1.3500197712,40.381368802,24.618281872,1567.9490578,0
6.8811664895,0.0001489853,1.4887192833,38.860558457,24.867830301,1587.0582313,0
12.098267947,0.0003781534,1.8818759369,35.420373013,32.363494013,1491.9355497,1
17.483691953,0.0003855635,0.913233023,34.218142183,35.174394608,1551.6102536,1
9.9852938596,0.0003042757,1.7818729484,37.500185899,28.370092184,1560.4574637,1
8.9508175218,0.0002487262,1.7561414767,36.834849218,29.913051917,1552.9689758,0
16.975396703,1.53889e-05,1.0858631396,31.696160875,37.405254531,1452.0717345,1
14.965652739,7.281e-06,1.3545955774,36.799454048,31.075109638,1472.4766026,1
9.3038531991,2.71531e-05,1.687534765,38.976166808,27.060593993,1579.2897499,1
17.99878067,0.0003738498,1.669187375,36.49047497,29.972450393,1421.6567937,1
4.9811911535,8.41103e-05,1.5888488624,35.252108375,26.448935916,1573.2127586,0
6.3354587493,9.47754e-05,1.6963332366,32.993177776,29.152608925,1568.5346938,0
6.7026101888,0.0003019731,1.6229718131,36.482818625,28.553920018,1545.1943526,0
19.881137072,-0.0001086169,1.5311689713,31.603816671,35.315106806,1467.5331686,1
12.853118351,-7.13146e-05,1.6766234773,37.059052038,30.430343865,1483.8288476,1
8.3996558621,7.36604e-05,1.8340228935,34.350988994,29.68838942,1563.2832987,0
5.1389459634,-9.5241e-05,1.4642850141,33.990135656,29.784257138,1602.1034511,0
8.2262441895,-0.0001220058,1.376394248,39.19541633,28.377479316,1545.0035919,0
7.7694560149,1.36669e-05,1.3442060714,38.635819368,27.660332784,1581.2560792,0
4.1482916064,8.26615e-05,1.8044218099,35.036678379,27.483965005,1556.1340519,0
9.3243824364,-1.18848e-05,1.4342062219,35.127156927,31.668434036,1533.5333443,1
2.7404197251,3.7381e-06,1.742315187,36.366396477,25.623478486,1592.3951565,0
7.0338313148,-2.79267e-05,1.2331104042,35.795850324,32.94630961,1536.6035715,0
6.6038682899,4.1096e-06,1.6730779314,38.669928188,28.181917998,1562.8028199,0
4.4207892074,-3.41355e-05,2.0158300225,35.751582002,31.745010894,1531.603408,0
4.5616235293,0.0001398327,2.4236420581,37.302856061,26.291883807,1557.0426025,0
4.2383348657,-2.42117e-05,1.735504651,36.178698989,27.529923732,1598.3336877,0
10.627155541,-5.63773e-05,2.0232248543,40.021709634,25.964471865,1513.8850382,1
13.138675002,-1.38112e-05,1.6211306413,34.043684841,32.637580433,1492.7382749,1
18.057445533,0.0001516119,1.4403880705,32.841856856,33.037100403,1485.3764737,1
4.198502158,0.0001296763,1.8085325948,35.609023223,25.567095009,1584.5477533,0
7.0599083962,0.0001857937,1.6904581111,33.685766215,30.782814292,1562.9121551,0
9.0919054189,0.0001717773,1.5753442324,34.728959891,27.99358231,1561.6654046,1
8.4044946784,0.0001933778,1.9299463424,35.337669988,29.549324721,1503.3322048,0
2.3767738766,-3.16721e-05,1.4765589571,29.173901756,33.236089296,1555.660421,0
8.5562121458,2.05312e-05,1.3295371951,35.582875157,31.730459627,1485.3432789,0
10.523329456,8.75398e-05,1.6475019715,39.171481685,28.0904201,1439.0245143,1
4.7344719282,-0.0002110843,1.538303612,29.943027378,29.602549939,1527.8303264,0
4.6023036331,2.77227e-05,1.9384731707,33.527873337,30.138680361,1585.4569877,0
16.447610645,0.0003321758,1.6793282545,34.069806748,32.758759904,1394.1236306,1
13.177747734,8.37439e-05,1.9040787669,36.928760618,28.943009896,1467.355196,1
16.884608368,0.0004390242,2.6615231115,37.083961351,29.7250602,1526.571652,1
9.862637579,0.0006058483,1.3524473091,37.817764719,26.591478202,1569.7411588,1
7.4991950738,0.0003245516,1.5671298002,37.887438546,25.511076713,1526.6545101,0
9.216607236,9.71448e-05,2.046095952,38.121270072,26.402802789,1595.0048942,1
18.257272862,0.0001156603,1.8928524931,35.311060799,33.908247184,1456.3272019,1
6.2334478103,4.3909e-05,1.3960925068,35.07608055,27.994641759,1585.0784771,0
18.671498111,0.0005377535,1.2846350394,33.464424216,34.678987473,1454.9650979,1
12.336998091,7.02348e-05,1.7022857583,36.279197488,27.660500269,1504.9960964,1
9.5556357529,7.42626e-05,1.6383029188,35.026091132,29.458312506,1451.0129585,1
9.0324257138,-8.71375e-05,1.4956079015,35.01821212,32.824754737,1477.8417588,1
7.3924028958,-5.05306e-05,1.4712873176,32.90464209,34.969740847,1523.0191777,0
9.6737102648,0.0001169715,2.0869262597,34.889383932,29.216951602,1546.28178,1
10.920054598,-3.576e-05,2.0432890411,38.173665125,27.913965681,1423.8756755,1
5.0740289493,3.39076e-05,1.6419426729,36.200919973,27.118857343,1581.1422556,0
11.494965243,-4.97611e-05,1.7452991996,32.938797378,35.381506528,1461.8725946,1
15.007832033,-0.0001772774,1.5035008825,37.084405936,29.384942977,1501.8691433,1
13.320005663,0.0001423582,1.837806563,36.336101606,29.825441378,1439.1552112,1
6.0071950787,0.0003370708,1.9191216201,32.679476495,30.336246656,1553.0774312,0
14.234033479,0.000448595,1.5558900883,40.097546081,28.457428732,1484.5775818,1
3.2573227302,-5.59766e-05,1.4722932425,38.302739671,25.756492161,1589.6851708,0
15.031032961,0.0002476411,1.5530561637,36.127036066,31.523747025,1420.1412808,1
4.867902587,7.22842e-05,1.9129675867,37.501919362,27.697493923,1561.7048815,0
6.7708176124,-0.0001278794,1.5587857156,37.345336731,27.152361019,1621.3685966,0
12.158615499,0.0002620854,1.5000494955,37.755140127,29.575422215,1483.7236227,1
8.6009041015,9.4008e-06,0.8571988638,36.540519455,31.112647799,1450.7722838,0
11.251053263,0.0002543404,2.0192308608,33.439214946,34.074929096,1516.9782533,1
11.159029675,9.43707e-05,1.3323677732,38.522476869,29.881544566,1454.4828061,1
4.6522123415,1.28585e-05,1.4079711192,32.351911705,33.526939595,1573.4227441,0
3.3088431337,-7.2751e-06,1.5009422512,32.719499291,29.167068206,1505.9496657,0
7.7532497712,2.59941e-05,1.3870348684,39.135728444,26.436934125,1504.5414574,0
11.107109279,0.0001048241,1.5723715046,37.437599372,30.512040553,1421.2678168,1
8.8322142161,6.0629e-06,1.0829394105,39.128826403,24.583977246,1613.3014945,0
13.612971305,-1.51915e-05,1.7039750025,37.080720055,28.192145485,1478.572237,1
4.9184371176,0.0002152786,2.0815429817,35.308314229,25.19807271,1544.9844669,0
22.137761354,0.0005104193,1.3353184115,32.868959439,32.081140919,1503.1348391,1
9.0363098711,-6.29468e-05,1.9101539281,35.443970202,33.341031956,1477.0115857,1
5.3787188559,7.04443e-05,2.1829257575,35.991674857,30.521499691,1508.4902123,0
6.8523914182,9.10953e-05,1.8425658814,38.034669165,26.316660415,1531.5262633,0
14.535977306,0.0002653269,1.8157029516,34.224330396,33.636603881,1542.9348865,1
16.068254334,0.0003252263,1.5032232176,39.030643517,29.865209443,1474.3413526,1
6.8500128769,5.9495e-06,1.4182747026,34.570391093,29.407420079,1543.3904704,0
1.6340223005,5.9077e-05,1.8142620593,31.153107997,35.219563447,1535.419142,0
11.272102264,0.000155541,2.1004566443,39.365835629,28.751329032,1480.9713352,1
2.9339953358,1.77378e-05,1.5794802699,29.997957775,33.002567803,1524.9172031,0
5.5657061638,-7.7009e-05,1.6906174863,34.670384961,29.092574663,1612.7771239,0
5.2035174391,-0.0001956243,1.0562489899,36.363369591,27.876810848,1621.1076441,0
11.164381439,0.000192811,2.2757977563,36.891535844,29.201788379,1441.3873405,1
7.7815515831,0.0002051156,1.6787814591,36.025468181,26.561651694,1576.8288406,0
13.775512009,0.0003566073,1.4772884041,37.224563198,31.374102045,1435.3375562,1
5.7149452879,0.0001491681,1.8290848082,35.278193522,28.631845599,1548.139549,0
14.071818189,-4.086e-06,1.2485518232,36.268119916,31.97063821,1492.9483861,1
8.7039418313,0.0001643922,1.3480814162,38.119030959,28.117830673,1542.4112998,0
11.219278896,5.04976e-05,1.3797144469,36.02803927,30.526385073,1475.8002924,1
16.246834095,0.0001352845,1.063751638,34.633119536,33.521043044,1459.5506304,1
6.9226896842,9.65883e-05,1.8810421938,39.477277362,26.548021668,1521.1708256,0
7.0563620625,0.0001973641,2.2931861198,38.179074273,26.812224332,1550.8971861,0
3.9283170308,0.0001539682,1.3782958398,38.05059319,22.949123964,1552.4987302,0
14.522311832,0.0001034016,1.1203567441,34.028068264,33.086112353,1513.3744252,1
5.63932849,3.18604e-05,1.2447683265,32.645785613,30.950119925,1621.8319608,0
11.985624906,-0.0002167769,1.6148288017,34.663019623,33.699538419,1436.3367516,1
12.27138055,0.0004604524,1.5752380839,39.036208917,27.737850184,1529.3867987,1
4.6817540254,7.66501e-05,1.6597545347,35.260353088,26.833356729,1585.9200784,0
16.616397417,4.07176e-05,1.4567158929,38.066183984,30.279463921,1480.6056685,1
4.959327398,7.72253e-05,1.8544574036,35.617489514,28.512097181,1601.7389818,0
12.485759585,0.0002555768,1.9042606483,39.306451768,27.222751292,1431.7082195,1
11.974129398,-0.0002326241,1.4811383291,36.318745289,31.457552452,1462.9964788,1
2.3604650325,4.15819e-05,1.553768397,35.400647179,28.652999358,1570.621365,0
6.3536526251,4.08057e-05,1.7687783039,37.549972562,30.096419678,1515.8383119,0
18.695824836,9.53663e-05,1.4696091911,34.207919935,33.263614027,1496.4741468,1
6.2398297203,4.42095e-05,1.5505358657,33.107878227,28.734268205,1563.5075863,0
5.7657664426,0.0001630805,1.7796340869,33.198420586,31.819977645,1573.2226189,0
12.980321788,2.59539e-05,1.6529815043,37.941572203,27.848429353,1525.031596,1
7.3035433358,0.0001708139,1.5441368636,36.213283282,33.044435811,1477.7517353,0
12.420437044,0.000396559,1.2307909204,31.050373063,32.753666359,1574.9026849,1
4.6805563508,0.0001619617,1.5343880716,36.5815704,30.204829735,1517.9479489,0
6.6694652039,3.44052e-05,1.6043129554,34.646095298,32.040504622,1543.4069758,0
13.373819753,-0.000153981,1.0839182134,34.30337746,33.168210997,1502.7105484,1
7.6214355772,8.45358e-05,1.4511023432,32.742971148,34.156036478,1518.2776907,0
7.9414642529,0.0003902418,2.0243244498,34.164775179,29.030493379,1558.156856,0
21.132895224,0.0001374347,1.6270520237,31.875261685,35.258431827,1465.2740565,1
8.381131772,2.1842e-05,1.7981559909,36.174474015,27.884060588,1558.6111621,0
4.3985673472,-0.0002302756,1.4625952824,34.510053641,25.57358806,1579.0699446,0
3.7666097894,0.0002922651,1.8199963487,36.330791767,26.99890476,1542.2650264,0
1.7157952112,0.0001127664,1.3751915916,31.901056933,27.731175977,1574.9749224,0
7.2915643962,4.40296e-05,1.8196723933,38.155064832,26.7376264,1474.7009369,0
5.6692659258,1.2153e-05,1.6964124519,35.188052367,27.805343221,1596.9847521,0
6.4915440603,-4.46296e-05,1.9222734781,35.40026387,30.889498449,1570.1099978,0
6.7231631245,-6.55901e-05,1.5565022062,34.772141794,32.489723499,1592.4412147,0
4.3163465754,4.6642e-06,1.497155396,34.935558663,32.39519308,1497.8637026,0
4.3595122998,-1.18956e-05,1.2265765682,32.924732896,30.3746553,1585.5209143,0
2.4412541999,7.80223e-05,1.0239088587,32.836211683,30.597850484,1603.4065808,0
5.0236757353,-0.0002085448,2.0704697723,32.820822741,28.506283708,1610.8017359,0
13.395495968,9.77185e-05,1.4597604024,32.01158266,37.924915922,1482.4394586,1
4.7435544531,-8.483e-06,1.3102849563,37.498895331,28.996511883,1594.1549778,0
9.3666602598,0.0002898668,1.3223405177,36.791663095,30.343635799,1533.1833265,1
6.5671911458,-3.62241e-05,1.4157529235,40.029570988,23.978856127,1514.9594071,0
7.5820652578,0.0002238035,1.7868924881,36.237438658,32.618738249,1470.9163939,0
7.2755771978,1.51727e-05,1.5521868425,35.420578882,30.98981728,1506.3435195,0
11.453860396,0.0002965119,1.1758040969,35.593371675,31.129290724,1534.2861043,1
3.5048594463,0.0001200375,2.0392968547,34.882864833,26.546173281,1497.5548318,0
12.835407907,0.0003659749,1.8799567449,32.664578457,33.29574983,1528.1456912,1
10.143750904,6.44465e-05,2.2827913369,36.048031447,31.249022288,1424.513844,1
8.5705915877,4.53287e-05,1.5651988172,38.122074569,31.935846643,1492.1107161,0
8.6982416546,-0.0001497967,1.6054255547,33.537530537,34.758652325,1516.1779256,0
10.992058739,1.83065e-05,1.5526631928,37.766718261,29.945440185,1498.9033788,1
10.014261841,-4.31284e-05,1.7102741788,32.313083039,35.775883681,1483.2461127,1
10.829649009,-5.10775e-05,1.6771568202,38.416275095,28.158180276,1594.4211755,1
5.9714533199,8.05603e-05,1.7234988666,35.869558818,26.471514207,1547.9636027,0
17.200497696,0.0001699011,1.5042360752,34.702767639,31.536487849,1484.1839738,1
2.4116528507,-3.29478e-05,1.3877823917,38.996299814,28.175464534,1559.8007129,0
11.915213905,0.0001184637,1.6937566459,39.922223441,28.488343616,1525.8653601,1
9.8769711793,9.49258e-05,1.5928387437,31.621134153,37.981174724,1503.0425011,1
5.798889965,7.351e-07,1.8283797961,37.198722848,27.981808763,1549.0260543,0
13.557404946,-0.0002831828,1.1521992207,33.928924222,34.023621283,1541.6406316,1
2.0888367283,0.0001144552,0.958134399,29.645833205,33.753053735,1517.6269586,0
20.216581394,0.0001256157,1.6551178401,37.780615898,30.056987446,1470.3911822,1
11.668387107,0.0002778837,2.6414249103,36.223240923,29.999091381,1469.7021946,1
6.5734658274,7.216e-07,1.9263015327,34.166341697,26.786068733,1588.875115,0
13.161510826,8.13011e-05,1.5078386503,33.365489581,35.570778142,1480.7879607,1
7.7336265945,-1.24519e-05,1.2546979286,38.571317518,27.78066016,1550.6543627,0
5.8189681719,0.0001193614,1.4520109131,34.212937009,24.965603922,1585.875564,0
9.1047376257,0.0002560933,1.6386554243,31.744845609,35.718059154,1471.230918,1
5.3994446854,-2.7494e-05,1.8231330346,36.107901229,27.814106323,1589.9300372,0
11.927471356,-6.69574e-05,1.7886621744,36.648982466,30.411986048,1452.933638,1
13.020965889,6.38488e-05,1.5260014361,37.076013696,28.329023961,1465.6885064,1
10.73292639,9.64697e-05,2.1389134561,37.305683242,30.805074357,1472.7725307,1
11.04421004,-0.0001714753,1.5126840764,38.858094359,27.823665881,1487.7304091,1
8.1328468185,0.000237456,1.430181907,30.833224097,37.611977407,1489.269819,0
11.294603039,0.0002472566,1.3640114986,32.770091682,33.320070592,1486.7176831,1
3.7959845397,0.0001406208,1.439381596,36.773702785,30.202933323,1516.0855678,0
5.9106343235,0.0001468331,1.291573326,31.550767072,34.662693937,1579.9982715,0
7.2480269137,0.0002677736,1.3472839674,29.625892756,36.102767504,1504.9535842,0
7.5520606563,-9.9993e-06,1.5309799572,35.707360554,32.708476696,1526.5947944,0
3.7273091673,0.0001359784,1.6826449924,35.772738059,26.95586429,1505.671622,0
14.567092998,0.0002440507,1.5033757863,37.274027886,30.44557276,1511.7569735,1
6.8518209873,-4.36689e-05,1.602567325,38.869367443,25.020299962,1558.5299405,0
9.4957298962,0.0002208259,1.3737402345,36.869226708,28.45053528,1472.4892864,1
11.710020641,6.48107e-05,1.6892858849,38.951250582,26.443713159,1529.9758793,1
5.3416092091,0.0001272796,1.7476472384,38.191097128,26.591721568,1527.7962607,0
4.933293255,9.51994e-05,1.5186018796,34.958506807,26.135818314,1575.0172467,0
12.724986846,-3.37086e-05,1.2527204271,36.255907275,28.678404494,1486.1497662,1
8.0664666403,0.0002929334,2.2400785628,36.036180887,31.386119199,1479.1748205,0
9.98244385,0.0001717434,1.4909274341,37.700661066,25.605759166,1597.0263041,1
8.7039797817,8.99181e-05,1.50296566,36.993943563,26.955191193,1563.6424476,0
15.588367585,0.0001760173,1.4981748241,35.231029069,32.298148137,1455.9350096,1
10.198321031,0.0001005377,1.5406905095,32.561339559,33.992988416,1537.5345544,1
12.22532512,1.9407e-06,1.6248100329,36.967292397,31.192807218,1477.8102364,1
16.825981937,-0.0003779108,1.1573143047,35.217794777,32.263292042,1470.474333,1
5.9137438556,8.22674e-05,1.9269012976,35.159746778,28.758957714,1511.9364856,0
9.6864348157,5.7952e-05,1.7590475706,34.200096587,32.71153595,1508.9565256,1
4.4643505799,0.0001796587,1.5962843218,36.116708314,27.149047569,1552.5696422,0
10.809544667,3.62729e-05,1.943966637,40.379846131,28.403720976,1457.6090541,1
12.561850623,-1.69799e-05,1.6408233901,38.350507141,27.676928842,1460.715011,1
6.9715147093,0.000212736,1.5719443987,38.720449085,27.482057314,1522.8731053,0
11.358023443,-9.38286e-05,1.2057610772,37.454776595,28.547633686,1488.4775539,1
15.918452712,8.4028e-06,0.9751717049,36.21940781,31.996610039,1431.7537744,1
2.5146012818,1.94754e-05,1.5233810596,37.01620208,27.309169798,1459.7555442,0
18.380860128,7.10912e-05,1.9406986037,33.154205612,33.554107546,1512.9766457,1
9.6177431434,-0.0001345158,1.5224542839,37.280022927,31.058651675,1509.985835,1
5.2578766484,0.000190417,1.7248301704,36.844986215,27.916782256,1586.3125741,0
8.4922684377,5.05318e-05,1.6406138178,35.075321543,34.613757408,1457.7106945,0
7.416015886,0.0002158662,2.0377526237,37.432513688,29.838915148,1471.5444864,0
3.1071868237,-5.2086e-06,1.391026123,36.139409485,29.82131717,1570.9164713,0
17.566290286,0.0002560468,1.1461940186,32.448628636,34.990974098,1486.4340345,1
10.68176996,-4.35421e-05,1.4099113394,38.031957979,28.608474755,1508.4396418,1
6.1208921509,5.57761e-05,1.6642531399,36.003947579,25.429109993,1566.3840773,0
4.5620826752,-3.59242e-05,1.7352212816,31.708039565,28.813794751,1544.4770208,0
12.140754999,0.0002859172,2.5490445381,38.375686865,26.769870149,1546.4051814,1
14.660041701,0.000289007,1.3246511947,37.494085555,28.007451956,1473.3149902,1
14.889156627,0.0001981909,1.6823304596,36.83555066,31.981673877,1500.1795753,1
12.751660284,0.0003038561,1.8822695052,36.308811188,30.545738694,1457.5590063,1
2.8818685597,2.45827e-05,1.3732800521,34.268637188,25.927687668,1575.8992876,0
9.7620220793,-5.65435e-05,1.4809367446,38.218113921,27.993417247,1538.2066839,1
10.900497344,0.0002265241,1.3527622002,40.225043862,24.920254197,1563.0578046,1
3.8118288284,5.27491e-05,1.5849299096,35.084764346,26.981221109,1561.3195393,0
10.401973887,0.0001541647,1.5299601539,31.820795223,36.065141767,1486.7371329,1
6.4566636811,0.0002281854,1.8067719037,36.133413892,25.833101637,1554.1662726,0
4.5532789526,0.0001748172,2.2055403165,38.926194434,25.730749319,1580.3927917,0
7.8023016979,-6.40414e-05,1.6407635131,37.64093894,26.421326192,1571.552722,0
13.053781802,5.73458e-05,1.6884258394,37.610043304,29.919439375,1461.0368486,1
7.1391866129,0.0001272376,1.7779230662,35.19053007,26.400709295,1578.7883924,0
8.3745255026,-6.7068e-05,1.2988673051,38.714932829,27.222865246,1559.7872252,0
5.6115175957,1.84553e-05,1.6855726659,36.78822021,27.962229064,1575.8641182,0
13.734901667,-5.61e-06,0.9877542111,37.239853442,29.248493145,1418.8460166,1
8.5281038625,-1.96047e-05,1.3561295641,37.961086189,28.460791729,1509.957002,0
10.245959514,-1.30532e-05,1.9442695826,37.329493922,29.785654799,1495.6959131,1
8.728744198,8.8911e-05,1.7684007391,34.763592302,29.52982063,1518.560322,0
6.6524328638,-4.56267e-05,1.354177032,34.44423586,28.957734192,1606.5440441,0
14.115847454,1.29813e-05,1.7676518469,35.098392859,33.10547022,1501.5940295,1
4.4041010569,-5.81562e-05,1.5987831924,33.413800072,29.736033722,1606.6297386,0
9.725171648,-4.52134e-05,1.6581689272,38.047103605,28.902510027,1560.2860841,1
8.2035696205,-7.97139e-05,1.6220769591,38.7843992,27.080366585,1480.9682845,0
6.7926177703,-0.0001230221,1.2582213127,35.705307435,27.877756148,1591.1592544,0
10.230598136,6.97845e-05,1.6244240666,36.772580443,28.937037462,1569.3152082,1
6.1605575816,-0.0001441984,1.3887319817,35.10643024,32.613196079,1467.8867947,0
8.4772871171,3.41746e-05,1.907141683,39.233582395,26.955050523,1497.6964678,0
3.2499291785,4.57299e-05,1.4252803658,36.27268104,29.111570486,1594.5792974,0
6.3573803746,-0.0001325558,1.3993942547,38.607433208,23.810113864,1567.6883307,0
8.3445085069,3.8353e-05,1.7825874904,38.173499602,28.388425178,1534.697282,0
0.9942466992,-5.83086e-05,1.5289624181,29.649989469,29.473472455,1549.7022039,0
5.4036507918,8.1484e-05,1.4701902471,33.32999985,29.267144397,1516.6321333,0
6.0344317355,0.0001243665,1.5149952181,33.780059336,29.066906231,1557.2024486,0
7.7868017189,0.0001458906,1.8288986996,33.45030423,34.698591712,1537.4778759,0
4.056754335,0.0001353467,2.0068692824,31.092283315,32.257433562,1564.5538215,0
5.4638656117,0.000109518,1.50808421,37.818949147,24.731758932,1561.3286089,0
14.088014793,6.21709e-05,1.4406165554,38.680896361,29.124056909,1496.6111397,1
21.574831696,5.35317e-05,1.9434913162,34.850291777,33.118299699,1474.9851434,1
3.3045279864,2.9849e-06,2.1195547508,36.563674258,27.531277024,1541.0031869,0
5.6255411713,-2.10048e-05,1.5751758151,34.184398078,33.884356494,1490.339815,0
8.421603574,3.21841e-05,1.0297063848,37.753367196,29.47387569,1550.5664573,0
4.9177167924,0.0003389199,2.8122759637,33.684278285,31.289168715,1561.9978594,0
11.600915277,0.0001635575,1.2174264502,37.84475117,29.465356475,1500.1385418,1
7.9363200278,-3.9656e-05,1.1986101947,35.791712013,30.922735344,1513.9427831,0
8.8496867252,1.9601e-05,1.4379576373,35.418581134,29.747992318,1563.7139655,0
7.9194432895,-0.0001381139,0.996189799,37.864043837,26.377923667,1577.5221377,0
19.181347462,5.52814e-05,1.5596111304,35.916408507,30.78982708,1421.8725486,1
10.515873192,1.68094e-05,1.7243987771,37.379745075,30.078839179,1483.6173009,1
2.1449488115,3.53045e-05,1.438289409,31.670719693,31.373343924,1531.7864243,0
7.7378506121,-1.6488e-06,1.3644084169,39.613638801,24.48500086,1557.1429665,0
7.4094156884,0.0003484918,1.484729622,34.207255489,27.113479404,1560.332972,0
5.7989452193,0.0002909781,2.2361226439,32.223689035,30.242545549,1544.8509694,0
11.108638302,0.0003019304,1.5733469049,38.452226726,27.339284334,1477.0790009,1
8.583520674,1.53209e-05,1.683461456,38.138398612,24.551888482,1552.0392746,0
8.6569686714,7.56988e-05,1.6350018626,36.934968584,27.953101597,1516.7845591,0
10.99507479,0.0001693685,1.7647117259,42.571876365,25.884281911,1496.3289706,1
5.840785643,8.45092e-05,1.4290260807,36.072738579,27.845182122,1483.1801663,0
3.7126848307,-2.4579e-06,1.3453227347,34.075834547,30.722659298,1631.9051441,0
8.9386234087,8.9195e-05,1.8152112477,34.841070542,29.72340193,1505.884392,0
6.0662307868,-3.89189e-05,1.7100398243,34.816798182,32.420496243,1474.421323,0
8.4489471387,-0.0001239855,1.1367556445,32.447573987,34.638077645,1504.5518702,0
20.584819357,2.17244e-05,1.8836704271,34.513620511,31.73051521,1526.1695911,1
11.221523069,0.0004656371,1.1939760847,33.787998371,33.919530353,1489.5443105,1
10.106795636,0.0002009194,1.8559590793,32.223202174,32.63879705,1499.2440298,1
13.248668043,0.0004185071,1.1915207479,37.748479056,28.388205295,1507.9751762,1
5.4207868253,-0.0002232629,1.2794516628,40.002096893,27.646804073,1538.7459355,0
3.9204192423,5.57614e-05,1.9140521194,34.314498923,29.143269481,1512.4963105,0
14.155627365,4.75694e-05,1.2563207809,34.899081429,32.577007377,1537.4534193,1
3.6359346952,0.0002699289,1.7006285607,35.977998534,27.683569854,1552.1827964,0
8.4271713849,3.89297e-05,1.6536747742,36.342138301,27.56171834,1585.9794457,0
23.377039493,0.0012370319,1.3775602155,36.869004207,31.409560882,1509.6022936,1
8.2790107378,-8.39133e-05,1.4761180077,32.540063364,33.713081974,1590.6407715,0
1.926692547,-6.26871e-05,1.6690279161,31.22029236,28.490107362,1544.5479663,0
10.612119825,6.73419e-05,1.6863795567,37.461272069,29.487797922,1415.8019212,1
10.157860378,0.0001703091,1.7482518277,35.328250186,30.33217313,1465.7829401,1
14.639005834,9.7179e-05,1.5234010844,37.92132076,29.975586738,1490.8331481,1
9.2533822154,1.4925e-05,1.4940050636,36.416583433,30.167425863,1566.9001747,1
4.7397975456,9.68874e-05,1.6672334629,37.042275276,26.564824966,1576.7558358,0
3.3123128201,-8.85258e-05,1.7823808879,35.603695483,26.921258619,1544.8001838,0
14.068800934,0.0001842524,1.4991448992,36.028899407,30.240799002,1557.7669429,1
4.7043381012,-9.33485e-05,1.4042266438,35.269387235,27.691478395,1614.7197513,0
2.4126969265,7.48554e-05,1.5418449249,32.944454987,29.271396912,1537.4892545,0
8.1099241663,4.91975e-05,1.7928946434,33.92602616,30.276850381,1476.1389271,0
9.3482970474,0.0002203713,1.2938139353,32.189969461,35.333180511,1492.9103852,1
4.6317312575,-8.079e-07,1.4468777467,36.294275037,24.045278133,1544.3939851,0
6.4503503429,9.82335e-05,1.7456162377,33.408038906,31.288693865,1556.8816269,0
14.183635364,0.0005376607,1.7790805379,37.893595417,30.774903052,1457.814278,1
12.026230522,0.0005733652,1.7371216249,36.987949341,28.035180599,1525.1170008,1
7.519824146,-1.43843e-05,1.6573548375,33.781688359,33.063096353,1534.7344251,0
14.230880985,-3.98249e-05,2.1455211539,34.818598596,34.108551798,1464.3655161,1
12.707498433,7.54875e-05,1.5358300321,37.935235095,27.344307691,1572.1666421,1
12.578925396,0.0002313836,1.6219556184,38.693632473,28.082257835,1451.0105686,1
14.073120731,-6.21152e-05,0.8661233779,38.546014071,29.391601404,1466.9197814,1
14.141303752,0.0003465183,2.1479887893,37.329469972,29.338476739,1463.7697919,1
17.537686782,0.000314999,1.6652392432,35.77937789,32.795995163,1469.3187475,1
12.055798532,0.0003468121,1.8871174102,38.390487046,28.636665561,1496.7833982,1
6.5502718395,0.0001376338,1.5511608742,39.024863797,24.547397357,1517.2305966,0
8.4919246611,0.000204762,1.4626625575,38.722513727,28.162124712,1563.7662096,0
6.1595828731,0.0002515029,2.5221882463,35.446063269,26.012512314,1554.8600063,0
6.2598521812,-1.4849e-06,1.340878029,38.456618851,27.526363735,1567.5812231,0
10.379794723,-1.6009e-06,1.6129800174,36.948887498,27.013451871,1576.2338474,1
10.682490789,-0.0001290263,1.1552340345,35.073253676,33.217251629,1582.6956265,1
6.6186540681,-6.06521e-05,1.2446816501,36.31283587,29.916574615,1558.8228862,0
10.383850598,-7.2476e-06,1.1771800115,33.121731483,34.047825243,1484.3524532,1
6.3839337565,0.0001848288,1.2193850606,33.934915318,30.424089353,1612.9590029,0
4.3433167186,2.39191e-05,2.4386418806,36.723975428,28.930589468,1582.2390657,0
11.280821066,0.0001193384,1.3033042005,38.990282201,28.185020293,1514.3664139,1
14.596025616,0.0005052746,1.5900243338,36.39815968,32.586708742,1464.7761243,1
14.568199666,0.0010094832,1.590054697,37.254217302,28.705908718,1498.4250371,1
6.6809983363,8.41535e-05,1.9111094458,36.684990721,28.805986809,1546.4661617,0
5.0468266365,2.99167e-05,1.9143721918,33.979717764,28.876928865,1560.6811036,0
8.1191175236,0.0001947033,1.9051959894,38.837924747,28.526532024,1514.1600947,0
12.989026406,0.0001729283,1.450399614,36.973657137,27.289112809,1518.2663144,1
3.1895381886,-2.53074e-05,1.9102270415,33.744105242,29.145157467,1542.6721792,0
7.6602540656,-4.2828e-06,1.7631206884,35.582731812,32.292551011,1536.6597327,0
9.1251680727,9.81627e-05,1.3223035485,34.360948672,28.053806339,1577.7353868,1
19.079763614,-6.11546e-05,1.0878754898,36.78475546,30.442489365,1416.7186292,1
15.192816179,-0.0001127291,1.2493892552,37.365037186,28.791547424,1431.4767483,1
7.4948524896,-4.07247e-05,1.3488415656,34.803109409,31.376846873,1570.5458295,0
6.7417117063,8.07647e-05,1.6859541625,37.532651102,27.788095797,1565.7602754,0
6.257065512,-0.0001297023,1.6168922254,32.497950744,33.453267687,1488.32263,0
11.053533011,0.0001694856,1.8940741578,37.483992911,30.257225551,1434.6549345,1
5.3827511478,-0.0001728706,1.4436330991,30.328910222,36.515840758,1507.8984096,0
10.242435526,0.0001301475,1.3157824607,36.988272608,30.802550338,1470.3602922,1
19.133783096,-0.0004173348,1.6865006588,34.580598698,32.412857406,1499.7865542,1
5.6931748968,-0.0001040674,1.4550419997,36.548472368,30.751156935,1508.2178091,0
9.0823439536,5.13251e-05,1.485080095,37.582120801,31.881347103,1464.0670252,1
12.979039841,0.0001174885,2.0367912598,36.194871613,34.237754798,1463.404213,1
8.69424002,0.0003672968,1.2612972088,34.02582438,30.909672724,1587.4020568,0
8.8610968528,2.84275e-05,1.9074910324,34.919818638,30.460537263,1570.6591208,0
6.0493911802,0.0001565733,1.7380770219,30.892704646,28.585179406,1552.6826463,0
16.666511932,0.0004758192,1.4971096416,35.628992057,30.495902577,1470.0273415,1
7.1297481607,-1.27266e-05,1.8780566605,37.984105438,27.388309479,1479.7014474,0
5.753103208,-0.0002013152,1.4842435766,39.286498544,27.775728772,1542.4879301,0
10.683060378,0.0008452956,1.2120592673,39.889114725,26.570549011,1501.341539,1
15.840438892,-1.99953e-05,1.3436438817,37.523794907,29.819187881,1449.3176435,1
5.4561648611,4.59864e-05,1.9705373125,35.213332245,25.578383867,1568.3184262,0
13.219579676,0.0003482112,1.7199275593,37.800733192,27.084839205,1558.2361412,1
4.1920879184,0.0002168026,1.8310904698,30.364585641,31.605601734,1568.0820543,0
2.4264390413,0.0001267092,1.6723995746,36.221751349,23.901791417,1557.6086779,0
14.756897064,-9.0501e-06,2.1830622248,34.41642325,30.748343615,1492.5797447,1
9.3697019002,-0.0001185054,1.7514302011,39.654853941,26.056710134,1530.0093659,1
5.548336227,-9.68175e-05,1.3396729842,37.213424504,28.716061832,1511.1529891,0
6.3671632776,0.0003308424,1.5722194264,33.480688308,26.81232657,1567.2862577,0
7.7521475351,0.0001568992,1.5454492423,36.552291649,28.906432635,1506.8948928,0
5.6573690931,-8.52173e-05,1.2361588075,30.954194164,30.463579188,1556.2141337,0
9.9911755611,0.0002311085,1.4405015874,34.57877098,31.366822135,1508.1244569,1
11.219579811,0.0002453781,1.5631360844,38.850616245,27.455095631,1481.608431,1
8.0647321349,7.65043e-05,1.624086106,36.65815146,27.773598233,1580.1446688,0
7.8813140474,0.0003796527,1.923751626,34.797484915,25.281921318,1588.1456231,0
8.8356441984,0.000269398,2.1009114963,32.624820501,35.30590949,1436.2914946,0
8.8233114865,0.0002280988,1.5993796792,35.89303046,30.584321594,1586.3554267,0
13.049915534,0.0001851362,1.4943525644,36.648654007,31.235613952,1475.4028933,1
6.3711079507,4.68011e-05,1.607025017,39.002944051,30.444262836,1484.1044675,0
14.811259464,-0.0001609698,2.0902602483,36.248842287,31.732159518,1477.6664693,1
8.1111995664,-0.0001043083,1.2276888034,39.025740861,30.516852263,1439.8424126,0
20.47899994,0.0001835962,1.8272757109,35.735483804,31.719244748,1456.9579668,1
2.6927646036,-5.95088e-05,1.500858953,33.936492102,33.905885794,1482.6259056,0
6.422491787,-3.83493e-05,1.3858582338,37.58752716,23.423046137,1565.3602117,0
15.098196938,-5.78091e-05,1.6440692896,37.544083469,27.869288683,1506.9918607,1
2.8939870051,5.03488e-05,1.8059219413,32.772406719,27.74903222,1587.3729153,0
10.337973217,3.27685e-05,1.5689555445,37.817650592,28.780736992,1576.2347425,1
6.271995765,0.0001398146,1.8340668767,37.426331355,26.778867076,1494.2355414,0
17.098831933,-4.3258e-06,1.7519761565,35.960521163,30.444284906,1525.2026736,1
10.391113832,5.346e-07,1.7082206527,37.700823914,29.07149089,1452.5182485,1
7.3134735068,-7.69426e-05,1.1652390334,40.167272188,27.072094863,1531.3229492,0
9.7446728012,0.0001358458,1.9639763982,34.277329724,31.014188925,1474.8976688,1
6.6568650554,1.8607e-05,1.7251844867,35.150911365,28.772645726,1611.1157754,0
8.5800314874,0.0003162198,2.5561615823,31.086653681,33.896622174,1562.7338628,0
8.9266170558,5.36794e-05,1.3412492997,31.458668224,36.500599187,1480.2698744,0
5.5569867043,0.000150678,1.686414616,33.443432721,29.953916705,1604.9599254,0
5.340325981,0.0001151241,1.7090733154,35.427310357,29.195913239,1510.1357961,0
11.792258743,5.46764e-05,1.758904542,37.762549264,26.519603323,1549.3173153,1
16.94403061,-7.68231e-05,1.6094345466,35.754897542,31.14441409,1508.2831793,1
5.742262019,9.68255e-05,1.5448516289,35.111949927,29.242837339,1556.4567138,0
10.002317319,-5.33557e-05,1.5105359998,34.25513432,29.575546688,1512.2674554,1
10.432920927,-0.0001320924,1.1762091068,40.64815371,23.70462825,1577.3534039,1
6.2988672244,-3.10728e-05,1.5250377419,32.655022201,35.36524825,1532.8918073,0
17.45819752,6.35871e-05,1.5361058218,36.437391498,30.544408858,1503.9026466,1
4.6191486475,9.48137e-05,1.6719840242,34.475266652,26.595014191,1561.9009502,0
9.0428673601,0.0001210422,1.8456814576,39.531669381,27.780407703,1562.7262315,1
6.1203176032,1.4784e-05,1.6768885118,34.005901749,28.770447331,1628.8602282,0
5.0106104303,0.000140503,1.554245455,37.527513938,27.875604768,1543.0516776,0
5.4019700315,2.49343e-05,1.9446453157,37.256701299,26.597890831,1512.8023998,0
14.497965025,0.000217355,1.6706898141,33.797242298,34.457600796,1452.5017346,1
5.5125504516,0.0002239019,2.1856668237,32.831748592,31.206594862,1615.9685198,0
7.6508544462,8.2398e-06,1.4675986622,33.649491211,27.854223352,1568.7416462,0
7.0401944142,9.7202e-05,1.2155964718,36.327106363,27.747025399,1595.782398,0
9.163079841,0.0006584969,1.8541825724,34.611036468,30.94279066,1453.2807814,1
12.451635325,0.0004652563,2.0361447206,33.97464871,32.52841638,1527.4388685,1
12.309878165,0.000405281,1.7210870983,37.682200052,29.338283364,1549.4951028,1
13.708192261,0.0003452059,1.479462608,34.609902051,32.469433313,1488.1031218,1
5.4585252704,0.0001319416,1.6214988997,35.471902669,26.602975742,1599.3002485,0
16.093196992,-0.0005241029,1.6223987416,36.908326921,32.422077919,1439.7915056,1
14.599279729,0.0001366222,1.6536221363,36.607847375,31.177667706,1430.8078613,1
6.6520053602,2.76864e-05,2.4203035148,31.389069881,32.928654022,1528.2185087,0
8.6909347355,1.75919e-05,1.5573270738,32.10853842,36.348729363,1485.6436361,0
4.9006519767,0.0001171577,1.6584330676,37.432106292,24.464328001,1519.4226023,0
7.1554800988,6.33023e-05,1.5170137491,36.791883548,25.737559114,1581.5446688,0
7.3899809848,0.0001448805,0.9947898819,39.527615777,26.31058215,1598.5866166,0
5.7558584373,1.73767e-05,1.6465119401,37.116025929,28.959128927,1575.6730915,0
6.0346495445,0.0002268895,1.6734553796,35.282572599,27.395631117,1529.5798358,0
7.3643019291,-0.0001075758,1.9529405737,37.857200647,29.267257925,1497.5789902,0
22.821069903,-0.000126069,1.9481042692,34.79685958,31.91461863,1499.7478924,1
10.08679179,0.0002796697,1.3744555416,39.019419239,27.744391833,1522.700602,1
15.031794951,-0.000217743,1.9121136693,34.564543085,31.255477483,1420.5118698,1
7.360801945,-0.000189638,1.1807892083,39.146197261,27.547465036,1541.4321613,0
2.2693237614,0.0001503507,1.8466618847,31.26861457,30.640734386,1486.4212203,0
1.4839563266,1.39275e-05,1.5430891645,35.096254647,29.588744617,1612.6094473,0
11.687775658,-0.000201475,1.2159328231,35.999661948,29.472831294,1490.3695297,1
8.0479687002,3.77384e-05,2.0296915507,37.605264297,27.645102801,1503.1149397,0
11.476511525,-0.0001110256,1.5395336726,33.075427119,36.420456269,1490.4286513,1
6.9518673233,0.0001275976,1.5319824747,34.142768563,32.258133892,1470.3707356,0
7.0841369361,0.0001885765,1.6606042748,33.173460367,32.40910732,1562.4240866,0
17.220095779,-0.0001026668,1.6112316179,35.168484075,32.222558373,1430.6868308,1
12.048546117,4.823e-05,1.2643114835,34.88760868,32.551617482,1502.5119511,1
10.318796724,5.21667e-05,1.7201264927,38.451387048,28.722356544,1527.4323717,1
13.815321978,3.67583e-05,1.5209672311,35.255288619,31.310198521,1448.1903646,1
13.283279995,-0.0003378123,1.4007757301,35.164285662,33.848516433,1424.4997105,1
7.187434557,0.0001582414,1.908430597,32.516549421,31.84212844,1575.4892307,0
11.497345443,9.4502e-06,0.8580529936,37.585649509,31.032166196,1397.4183786,1
8.1828958398,-0.0001043327,1.4022405831,34.14044031,29.684280704,1578.3378039,0
7.5385663426,-0.0002047377,1.1771181309,38.459213153,29.67555117,1568.6620951,0
16.620926441,0.000151006,1.9192649248,34.056677781,34.992564272,1471.8144795,1
12.323226591,0.000190684,1.7605126351,36.584843918,31.036435478,1476.914484,1
15.667812264,0.0001034874,1.252197619,37.235698869,29.704546517,1430.9112954,1
4.7248970687,0.0001378675,1.6745899295,33.797153415,31.373157151,1562.697903,0
9.1149605325,8.64201e-05,2.376627019,32.673165861,31.457823499,1457.5399942,1
7.1748643724,3.09001e-05,1.8055099668,33.424006749,28.90160554,1546.9715468,0
13.916056127,-9.98338e-05,1.3293870961,38.73713179,29.556091084,1472.5327009,1
8.3519271518,0.0003703366,2.0119307312,33.843371122,34.563672721,1521.8636469,0
9.6129502325,0.0001361832,1.7405664309,38.469787423,29.377193718,1455.1437733,1
13.143246552,6.4874e-05,1.3113503916,37.463329128,30.537328387,1408.4781601,1
6.4403837885,-8.07247e-05,1.2475564427,35.347910531,25.701345263,1554.4578684,0
14.784497951,0.0007032472,2.5146420255,41.243259762,25.954157208,1544.3115547,1
6.0914748869,8.02958e-05,1.7079219304,35.155554886,27.434600378,1581.0083457,0
11.637608392,0.0003052897,1.4142981226,36.686328831,27.546757871,1474.0519592,1
12.145537493,9.29572e-05,1.6872008353,32.595081011,33.927032935,1534.0285848,1
3.5985172441,0.000106633,1.7138816367,31.722130265,31.990427201,1601.3743799,0
16.150451943,2.39622e-05,1.3532722663,34.377771043,34.116496355,1481.0294349,1
14.334508424,7.07793e-05,1.4743353548,35.312450023,31.344494995,1508.7467475,1
12.315661753,0.0001274627,1.0292548536,39.205925919,28.740994065,1507.0921673,1
13.237481078,0.0002912936,1.7967824652,32.757142149,32.316095962,1536.2495869,1
2.3648511004,0.0001199392,1.0612135214,32.812672181,27.108562689,1591.8667216,0
14.357802829,0.0003544279,1.5163677477,34.0057408,34.517790509,1484.4032917,1
2.3852642729,5.61169e-05,0.78908693,33.464699421,28.827423998,1496.4175671,0
13.676966951,-0.0002879443,1.0372969608,36.627508189,28.706220777,1462.7533288,1
8.4457668945,-0.0003289675,1.112778641,40.471060737,28.201967045,1603.5113593,0
6.0381058131,2.93857e-05,2.0316011828,35.536876245,31.340648246,1509.2179715,0
10.637804089,-6.95645e-05,1.4127822603,37.801781744,28.395832034,1469.9717933,1
9.7372970401,0.0002398926,2.0209107328,36.746945135,27.288162834,1543.7616689,1
12.882398771,0.0007960549,1.7562795961,39.72134159,26.745792091,1555.5963294,1
4.4653480291,0.0001247775,1.6780225056,36.109124782,26.154995786,1566.7929146,0
3.9799896841,3.08422e-05,2.1589076869,29.906277401,32.757250015,1513.4924351,0
4.4190312038,0.0001702242,2.3279384202,34.48870884,26.671103067,1579.0274025,0
13.686852546,-5.57062e-05,1.6917104859,34.98542755,34.286761068,1444.6028961,1
3.667703317,0.0001061498,1.8580240783,32.494774282,26.505621021,1549.8128873,0
18.320651859,-6.62255e-05,1.1921994777,37.226763503,31.174119621,1428.8394986,1
3.0676654785,0.0001897383,1.550598813,34.962726611,24.505434077,1563.8288911,0
20.756055636,0.0002084561,1.1711415938,36.196482359,31.307209919,1493.6629042,1
17.651308608,0.0009900553,1.982405275,35.007973762,33.485484137,1430.2845314,1
8.2441342291,2.7174e-06,1.3852806174,39.214673914,28.271744161,1443.1466557,0
15.820874398,-0.0004664049,1.1658984437,34.031909195,32.5559639,1548.4364471,1
12.446984195,0.000116946,1.490743283,38.353293824,28.78106636,1458.389683,1
8.1921181483,-0.0003283477,1.1293976028,37.256758596,29.735480097,1386.810777,0
8.6630436496,0.0005005534,1.7514619905,40.532033972,23.938140045,1555.3494925,0
11.119009409,0.0002110562,1.8827018907,34.741445829,31.151831867,1512.1597868,1
8.5767401058,0.0001619194,1.5337922149,35.938921158,30.977124277,1517.8380806,0
5.586282089,0.0001679172,1.8572793876,38.171564128,25.135365383,1574.0870826,0
8.1516952123,-0.0001447391,1.236162911,34.702972979,32.439110829,1568.745911,0
3.0392080206,4.39737e-05,1.8994931705,34.031360839,26.910282789,1578.7790133,0
24.099280798,-0.0005427832,1.1405384916,34.627825724,32.686310645,1440.2821194,1
5.9680171653,0.0001904736,1.6012533277,35.062168488,25.934014123,1558.5999727,0
13.455514658,5.75128e-05,1.69755974,36.217565866,32.166018386,1503.7927556,1
9.4292266673,7.1102e-06,1.5185889384,38.232644184,27.351408316,1462.7859863,1
12.228204862,-6.49328e-05,1.5946165646,37.975575523,29.23748293,1442.7604286,1
8.2027297328,0.0001487181,1.865662622,37.854493688,28.805124664,1586.345108,0
10.360558317,0.0001552021,1.9730164448,32.605902189,33.688889732,1546.4985135,1
6.4019670908,0.0003572869,1.4362012845,34.8127986,28.061522604,1547.0080476,0
3.85597959,2.5297e-06,1.3885847001,35.329006708,29.225490445,1556.6620574,0
9.7187675238,5.77609e-05,1.5963095428,38.410279754,28.504830535,1465.7271524,1
8.2652279212,0.000197016,1.5671984815,32.284246602,35.099111581,1503.5536419,0
14.582139881,-0.0001230526,2.0606945453,35.135146205,32.554088287,1499.3495741,1
6.1429154356,-3.16406e-05,1.6006594958,35.222038815,31.459335321,1550.8955009,0
10.405996144,-0.0003865951,1.11568088,30.782392781,36.449127563,1483.8165517,1
19.583750855,0.0003536708,1.4994396383,36.687465939,29.140887558,1461.3107845,1
7.3795223685,0.000304277,1.570313111,37.217874894,28.404482042,1468.2288157,0
10.617671079,-4.71009e-05,1.4729301523,38.346649098,27.993894361,1577.2224348,1
11.782551181,6.49174e-05,1.511295246,32.699819667,35.812926457,1469.6912634,1
6.0852088137,0.0002513469,1.4464081116,37.393839601,23.999789267,1558.4730381,0
3.4571750555,5.45977e-05,1.8788100282,34.396846907,25.719472508,1593.4332229,0
12.092111598,6.24779e-05,1.7037871674,38.648016095,26.761351634,1530.9015411,1
23.190831133,-0.0001141416,1.9973467392,33.87042825,34.390587283,1525.6246549,1
12.825222197,-8.5775e-06,1.6537505294,37.847421576,25.587593672,1576.0791686,1
9.2402223866,0.0007442845,1.7327855591,33.745432191,32.287428101,1553.3508869,1
4.3073967875,0.0001275099,1.4661974688,32.420321771,26.103733967,1566.1970346,0
11.631299065,7.61326e-05,1.2827603899,33.28419349,33.256586853,1473.7760939,1
11.397554826,0.000567542,1.3864747382,38.443484221,25.311686021,1564.4733189,1
9.873786085,-2.24372e-05,1.1455240131,35.315389459,28.17251976,1610.9204935,1
8.6107394538,0.0001029487,1.4178158502,38.421532041,26.621154202,1535.6976346,0
9.8998670503,0.0001659045,2.0970123533,38.254801082,27.411464567,1605.9209174,1
8.7978901068,0.0001904571,1.1210296804,31.842469201,35.203415207,1378.6217902,0
5.9898701288,-9.0838e-06,1.7984291608,30.17899273,34.803930555,1579.7752189,0
14.241658334,0.0002702293,1.8586292736,36.504293121,29.308760041,1489.8398,1
14.403922683,0.0001687649,1.3778734862,37.35347524,29.158399253,1481.222981,1
11.391633112,-9.19036e-05,1.6490860552,39.42257883,26.675525098,1467.3933382,1
10.106401282,5.16191e-05,1.964671401,38.38272065,29.017468567,1581.9572246,1
9.8553183145,3.67715e-05,1.5659202023,34.544169793,33.260212604,1496.1850172,1
16.947073425,-0.0001160272,1.2063173995,35.604355732,31.246669311,1498.2014007,1
10.377749653,0.0002713918,1.6433293184,35.899554314,29.173999597,1483.3602235,1
8.5514452888,3.2149e-05,1.7230496447,35.471290694,29.975859277,1512.1172822,0
10.551491545,8.32461e-05,2.0675871679,34.055949556,34.093569667,1471.3475338,1
4.9156730675,8.41409e-05,1.6322637213,38.035905097,27.469704404,1569.8553764,0
9.4074901726,6.0021e-05,1.7337288128,32.552665365,34.731538637,1447.881603,1
6.4172439186,-1.52305e-05,1.3598126173,38.336386261,29.277817776,1464.9327437,0
7.1435842645,0.0002568771,1.949271117,33.176523323,34.866683931,1563.2806293,0
11.408132911,6.01281e-05,1.2666473977,34.189453034,32.023625717,1503.7102117,1
8.8132217559,7.07504e-05,1.5749422674,36.189631928,30.563378141,1538.4182575,0
5.3388625799,0.0001516208,2.4077072457,35.723965265,30.827105429,1550.5341963,0
24.769529203,0.000714583,1.613871934,39.531526076,30.051228625,1436.5556597,1
2.8980640138,0.0001832866,1.9541060296,36.262076218,28.678935966,1579.9292947,0
14.333104574,-4.12893e-05,1.2213747891,36.594774881,29.331997452,1461.1111034,1
15.083983951,0.0006470183,2.6063689892,38.913383872,29.906243797,1426.9191905,1
11.113428713,0.0003508208,1.2424223345,34.011188374,30.862401013,1544.5464077,1
5.5121661829,3.96358e-05,1.5682323869,36.550614112,26.932777651,1577.4515662,0
18.927177795,0.0001034439,2.4043712516,32.839439675,35.024134699,1435.7955313,1
4.5666352201,8.5871e-06,1.6929491548,35.015564177,32.263360247,1498.5286127,0
9.3875351043,0.0001408961,1.859270415,38.62225907,27.901875729,1521.7550184,1
3.2015485373,-3.18309e-05,1.7667008243,36.806016398,31.570362768,1486.8542551,0
10.319671216,0.0001204147,1.6432368466,34.404941685,33.288084659,1511.812762,1
12.146713568,-0.0001780973,1.4245807672,33.032651813,33.888355351,1466.9017207,1
5.1355960495,5.99709e-05,1.5800303914,31.190719396,33.365729237,1542.2787014,0
11.295367642,-0.0002165164,1.3911901514,35.60620471,31.818862756,1477.1299802,1
8.481885707,0.0001257115,2.3206391702,32.401112498,32.996213333,1470.6931077,0
8.9609059575,0.0008462907,2.5293143147,34.455631612,32.978217408,1479.0992639,0
4.6837094334,0.0002727052,1.3514188205,36.01543638,24.498456072,1546.5627553,0
9.4606927539,0.0001246414,0.8708711559,35.118035269,31.303225612,1483.7937991,1
6.6530930796,0.0002293031,1.8925306986,38.394062326,27.828937544,1458.7341237,0
18.802381267,0.0004310701,1.44386605,34.62453256,32.914446312,1474.3886083,1
3.0068691733,-4.68494e-05,1.4172456337,34.511706282,31.094892638,1503.6626418,0
19.534605976,0.0003973385,2.0379210165,35.359549226,30.857961178,1454.6007026,1
9.8192885387,3.49575e-05,1.6296600136,38.071897342,29.664092272,1523.0685044,1
24.382774662,-8.81693e-05,1.2808331435,36.196415885,32.603491293,1432.6499879,1
5.5405388861,0.0001915029,1.637476452,34.25884014,29.566431254,1531.7865461,0
9.2242238002,0.0001650631,1.4293768557,34.067806571,29.368948052,1523.9557467,1
3.5084106254,9.34766e-05,1.2583572535,32.049539493,29.42726163,1548.7679769,0
4.9091626333,-4.39811e-05,1.7168649614,33.965616791,32.277813,1516.759834,0
17.213039429,0.0005501681,2.1420154696,32.411895637,35.216378589,1498.9699593,1
5.5532485607,6.69372e-05,1.7230889329,35.194135339,27.04864014,1599.3117893,0
14.670076421,0.0001989502,2.2721394026,33.382365729,33.336826883,1495.0460456,1
10.143904139,0.0001043174,1.4341833901,35.806032845,33.326970945,1523.5065913,1
15.276651475,-9.0882e-05,1.4641734677,36.830324422,28.745914953,1484.8238183,1
14.688388677,0.0003442176,1.4945555666,34.704321553,34.167638834,1500.7008937,1
7.6476986887,-5.66155e-05,1.5849614625,37.068486702,30.59714926,1454.8144065,0
6.1140712039,0.0001681521,1.6953959042,30.754950111,28.626147494,1559.2676639,0
15.374407129,0.0002388749,1.6423300631,38.498944964,30.796083045,1526.6409023,1
10.815194663,-0.0001317325,1.4430930665,35.396063299,32.206324873,1441.8163644,1
4.1362107056,6.37739e-05,1.755472917,38.362269066,25.336209047,1501.3881457,0
19.71135162,0.0002312169,1.6268012776,36.252325856,32.195782756,1519.5044202,1
10.637461475,-0.0001766525,1.3021341341,35.500433816,32.462573799,1506.0668995,1
11.110578711,0.0003359527,2.1336869676,35.501951037,32.263827053,1514.837826,1
9.2028315241,0.0001371091,2.5033094623,36.941255698,29.812137566,1551.5088187,1
6.0370925729,0.0001800657,1.7691454667,34.441753567,30.328735645,1549.3261959,0
8.4177291675,-0.0001573942,2.0154250616,33.380679671,32.189043557,1544.866027,0
3.9028624322,0.0001077108,1.759497841,30.731137753,28.265329022,1573.6882194,0
9.3034881217,-9.56333e-05,1.4873478188,39.257385506,26.235742036,1549.2795712,1
12.990964028,-9.41127e-05,1.5492013566,39.451093422,28.810255162,1473.1324186,1
8.1672741265,4.62324e-05,1.5071348499,35.786054183,29.413800948,1567.220245,0
13.024072259,0.0001513505,1.5658705491,36.750539347,29.389254897,1423.8541295,1
12.899068252,7.7746e-06,1.3270067651,35.8570121,33.708580568,1493.2519508,1
14.808190688,-0.0001764426,1.3993151411,35.832884374,29.066067489,1509.7314083,1
5.3552145004,4.43252e-05,1.2838489505,37.876788489,27.276784538,1585.6468469,0
25.243931019,0.0003422057,2.3314789913,35.572416802,31.769444451,1479.2159634,1
18.71715863,0.0002479557,1.607157637,32.938560022,32.38098363,1481.6643793,1
7.7570851428,4.01145e-05,2.1160793616,36.162518233,29.714813172,1504.6292188,0
13.446034819,0.0003109637,1.7242742649,37.961706724,29.583632213,1466.824031,1
13.414691613,7.10701e-05,2.0638106595,32.646041249,35.796772017,1519.6601703,1
11.238611617,5.39284e-05,1.7421633242,36.400084655,32.294997067,1452.7979944,1
3.7968623841,-3.02028e-05,1.8703047675,29.548206678,30.868295359,1565.156224,0
8.4242628987,1.59175e-05,1.6996634168,32.946945427,35.016632481,1495.1718457,0
7.8354949873,-0.0001166634,1.6605487529,37.047747008,25.069704134,1586.7599267,0
3.77245851,5.64706e-05,1.5920831185,35.80841474,27.291788942,1596.9793274,0
2.7573596197,4.00358e-05,1.2099705936,35.496143891,28.354266169,1586.9921875,0
13.703176512,0.0001934102,1.8087063237,33.696421034,31.938583805,1536.0343304,1
5.9003687028,0.0001648238,1.8651958991,37.705703023,26.185273407,1509.1866427,0
11.628241868,0.0003285994,1.891420121,37.210460135,30.343089512,1465.033658,1
2.9619301234,2.02911e-05,2.8805992837,31.170314326,31.859034333,1527.3260277,0
21.409110666,0.000295221,1.4273702113,39.060628784,31.403124809,1425.40811,1
16.412310969,9.86829e-05,1.442454526,36.289564052,31.222573926,1519.4546443,1
10.484924836,0.0003346762,1.4470127566,38.415522583,28.402266387,1485.756798,1
12.325955016,0.0001117002,1.4529071416,35.023641799,33.892214452,1461.340007,1
6.5466910515,0.0001456234,1.6665955205,35.737301085,28.267630143,1591.3769982,0
6.2061085815,0.0001605896,1.2797218851,38.94695923,29.003111693,1480.1559856,0
21.498777635,0.0002055502,1.9405622869,35.825855362,30.503892497,1498.9693525,1
19.046942522,-0.0003131863,1.6279219096,33.388606018,33.754485788,1482.9097006,1
6.1750391546,-0.0001465353,1.4277108956,40.33477259,24.684932615,1548.6709539,0
5.0076484598,1.06988e-05,1.5709796596,35.875139327,26.279800272,1565.4792233,0
7.6639455103,4.40202e-05,1.3296360755,32.798562576,35.295259189,1498.594163,0
5.4113901668,7.48462e-05,1.8603226195,34.799853531,27.500401071,1593.8087844,0
12.025591268,0.0006537311,2.1225619674,37.365364632,29.412010861,1508.2323945,1
8.510811108,0.0001851854,1.53439244,35.604755519,28.236872894,1582.0115211,0
14.647963066,7.89936e-05,1.8101839918,37.836049311,30.09270538,1485.161633,1
6.4138152594,0.0001208912,1.7436605817,36.212191801,26.450310373,1592.2877613,0
7.9235388809,9.76816e-05,1.5307119789,37.016966239,27.356561679,1537.954695,0
10.425149985,-0.0002039382,1.5525267044,38.810491472,27.892505907,1466.0000996,1
10.687132379,0.0002843421,1.1998596187,38.49668883,27.706567392,1450.2102831,1
17.022521359,-1.924e-06,1.5236335048,35.047517552,32.492595223,1469.0906623,1
3.1278889812,3.60952e-05,1.2831664887,31.9376261,29.198183675,1563.1558171,0
5.0999304798,0.0001018051,1.574027703,35.54382031,30.989388442,1553.6625403,0
10.049354512,-7.3707e-06,1.2857001351,33.063406489,35.058501328,1460.494241,1
6.7646186152,2.50267e-05,1.7148749914,32.767108123,35.197159416,1461.0610842,0
14.828312704,0.000290212,1.8906459209,36.311307418,29.443286304,1471.2310724,1
10.12706266,8.07843e-05,1.9137299569,35.898865773,30.671569193,1532.672736,1
8.0141359908,-7.94644e-05,1.3280820111,38.290052771,31.409390167,1499.4665264,0
13.071770704,0.0002526116,1.4952860324,37.067247776,31.712474137,1476.4250437,1
15.044888841,0.0004619297,1.5799891161,37.867829883,28.679849721,1465.9234679,1
12.095386295,-6.14485e-05,1.3508407682,35.343280051,32.805489072,1526.6844211,1
6.0445099162,6.46188e-05,1.7654399599,36.909438458,26.84556019,1559.6699162,0
11.100295717,9.56262e-05,1.3732009431,38.520775008,28.740309622,1511.0305295,1
3.0719402395,-0.0001028438,1.0042435844,34.355686264,30.584340704,1632.7475603,0
8.6096540584,0.0001771126,1.6187962879,38.138272774,26.247607087,1537.2026554,0
6.5262847324,2.8358e-06,1.3739358472,37.248964455,26.142022922,1613.9366269,0
4.1206268637,4.43571e-05,1.8454795366,33.783779591,26.281263006,1543.6456994,0
21.674315145,0.0010290414,2.3016408206,35.397745856,29.706388746,1471.313503,1
11.183159402,-5.56515e-05,1.7276584643,35.071552087,32.719436614,1489.2842749,1
5.6803365082,4.0883e-05,1.370641807,33.060966629,31.705588876,1584.0948718,0
5.6528115055,7.12371e-05,1.4423861484,33.985599091,32.061372421,1599.5015081,0
8.0806936081,0.0001442545,1.6886736075,30.782372388,32.89337566,1455.2677463,0
17.034124676,0.0003389003,1.5423430245,34.470395628,31.919390238,1468.5101721,1
3.9782085106,8.6049e-05,1.6243654277,32.699893192,27.022941361,1581.5824631,0
9.5266338947,-2.24528e-05,1.593416972,37.050286649,31.156784833,1491.7071648,1
4.8836929432,0.0002428706,1.5863719941,38.330841381,27.04165059,1483.3157632,0
9.5995809771,4.26344e-05,1.7644174043,38.193315955,28.536321277,1559.2190723,1
12.621024729,-0.0001167615,1.6664227821,39.951655343,29.264427145,1461.1656275,1
9.7531080284,8.87955e-05,1.8370458473,38.349078831,26.5284374,1499.9484082,1
8.1767291049,-6.39044e-05,1.5853811737,33.999668201,33.009641655,1505.1563875,0
8.563231471,0.000125794,1.474369958,38.993799409,28.287866404,1532.1167184,0
7.5996522903,-1.25243e-05,1.535352832,37.308381024,26.623550372,1551.0722674,0
15.085408284,0.0002990881,1.3953546091,37.959801557,29.099172827,1496.1458805,1
5.9510797365,0.000171107,2.2016380517,34.919246324,27.625967345,1579.1541135,0
3.9531037508,5.4624e-05,1.7549155514,32.686994434,29.922989921,1531.7214117,0
4.4716913813,7.01778e-05,2.3277322996,35.418506572,26.049328968,1558.9651384,0
4.171781215,0.0001330402,1.6385182376,37.013856846,24.155036672,1498.6798294,0
13.59689372,0.000197796,0.5813592147,34.974754149,30.183008822,1519.5493046,1
15.77621284,0.0001273688,1.3907326942,36.312807534,31.896022256,1454.8901504,1
3.2815271162,0.0001753898,2.0215052159,33.097467937,29.746014618,1588.552003,0
6.2739643416,4.48109e-05,1.2760227388,34.741202545,31.742344894,1559.3493934,0
9.9686901321,0.0002057623,1.7235126877,36.702596526,28.265527521,1519.3696795,1
14.327136708,0.0001360305,1.4420857272,34.169115079,35.042344886,1487.2047509,1
9.6785299331,0.0001982585,1.5956117251,37.642913147,28.107738182,1543.3677501,1
9.3428360831,0.0001151655,1.6851435309,37.993610748,31.752096507,1475.4846204,1
18.539017519,-5.5877e-05,1.3185428616,35.780272091,30.874876804,1413.0378114,1
14.856286287,4.32687e-05,1.5290411533,36.172634735,31.647983474,1483.8078722,1
10.047381881,0.0004943968,1.1760594083,35.006131712,33.791380757,1449.5573716,1
4.8511499883,0.0001905356,1.6017488405,33.638870457,27.929963886,1550.6308866,0
2.0993075085,0.0001337415,1.7706862202,32.195350036,33.737758661,1526.5200063,0
3.1213706644,0.0002399008,1.8316184423,33.252284761,24.4243282,1587.7852806,0
9.1384535247,-3.50506e-05,1.4316385993,32.657181225,35.311580656,1453.884626,1
6.4253619417,-0.0001456962,1.2937585836,38.396580686,27.925263179,1532.6830293,0
10.37251714,-5.43299e-05,1.301371119,33.678078524,33.246685788,1531.8127718,1
18.713493648,0.000307185,1.781587318,32.205094481,34.107796003,1469.1883329,1
9.41182254,7.34146e-05,1.3386204379,38.780157716,28.826915583,1536.6659818,1
10.860300514,-2.78596e-05,1.6599603579,36.342853444,31.437483457,1526.0805152,1
7.1790980684,-0.0003375691,1.2643803013,37.269491196,25.904038756,1580.7283617,0
7.8684990796,0.0001420334,1.541415907,37.008155347,25.625421826,1565.684446,0
6.4168230321,-0.0003097803,1.6007364725,36.131560264,28.06191822,1548.7636566,0
18.466887699,-4.5714e-05,1.0482661622,33.513701114,30.721614411,1525.8796536,1
17.123490553,3.54983e-05,0.7178124617,33.640972342,33.723803654,1483.862998,1
4.9357500305,0.0001129081,1.3977964844,30.981134017,36.379926009,1575.8692567,0
9.0319942456,4.86962e-05,1.470101829,36.943188764,30.999080937,1511.0370273,1
5.5931722569,-1.46191e-05,1.5894988381,37.463415997,25.885862171,1569.3711901,0
5.704144025,0.0001150395,1.9481928398,35.021170895,29.917650601,1571.549227,0
15.413086717,1.48487e-05,1.705814565,34.525910651,30.728653341,1517.3204851,1
5.9372878149,7.43715e-05,1.8019559677,30.7294403,32.116850597,1578.0812045,0
21.118324826,0.0002711131,1.634362004,35.750979624,32.994583679,1482.8517517,1
14.282152423,0.0001851397,1.4974811183,39.307211149,28.763158101,1469.1665025,1
8.1591169156,4.85889e-05,1.4335150402,33.861068567,32.403169585,1529.8046379,0
15.201818261,0.0003321098,1.5467101393,39.220482134,27.322887025,1492.6380976,1
8.550430345,-0.0002048228,1.4960565353,34.110104373,32.608680946,1548.0469129,0
9.0351963985,4.19851e-05,1.6541593369,38.367172856,29.668027669,1492.7770303,1
16.938878324,7.71002e-05,1.3667266347,32.841981079,35.262773223,1483.7371563,1
15.545520085,-0.0003476052,0.9628765952,39.055143197,27.356792602,1511.5149167,1
14.517556082,7.90138e-05,1.67908191,37.433929088,28.848365514,1519.7989728,1
7.9162004636,0.0003625215,1.3807312872,31.6564878,36.126956814,1488.6500673,0
23.782690319,0.0005642119,1.8341798752,36.246155807,30.220222767,1484.1500017,1
12.40677712,2.76465e-05,1.3648429182,38.832526812,27.96805577,1447.6519087,1
9.5889884021,0.0001391252,1.3143658085,39.924191718,25.074464738,1564.4751743,1
16.765748386,4.99168e-05,1.3847615724,36.089074967,30.397938618,1540.3636498,1
6.3697358342,-2.85843e-05,1.5270316097,37.127349475,27.288507568,1573.0670012,0
4.2645061492,0.0002079458,1.5039905815,38.084169274,28.642594585,1528.3997991,0
12.933725453,0.0002725392,1.7884585967,35.435488628,32.096124538,1504.661499,1
16.032408949,0.000207678,1.9169441147,36.601072794,32.293252408,1464.5571169,1
9.4531738558,9.92295e-05,1.3622722274,38.217720911,28.790144431,1552.8123567,1
9.5263626998,0.0002125589,1.4659444678,37.159087708,27.588417818,1570.7295437,1
10.797330509,-3.7213e-06,1.2571728884,34.735408813,34.703455021,1430.0251097,1
7.352547504,-4.49021e-05,1.3243420343,38.946334073,25.501602738,1601.4944617,0
13.190508753,3.16743e-05,1.2107498157,37.548238191,29.58578991,1477.9257452,1
9.3048665415,8.10531e-05,1.5882584464,39.134699712,29.230820417,1561.4369754,1
18.562526832,-3.04463e-05,1.3765706752,34.033739923,33.370574141,1488.0869336,1
4.0907829437,-5.31959e-05,1.6883386491,36.892512186,24.902361572,1565.4322838,0
8.4129624018,0.0002522744,1.739612676,37.923966283,27.956872954,1588.0768064,0
16.809094765,0.0001431118,1.230310308,37.6665685,27.621854293,1551.2555501,1
7.5939047201,4.32336e-05,1.6700162825,33.27154544,29.143251246,1564.6559176,0
11.737850025,1.9857e-05,1.530074688,34.130717744,34.118292331,1481.5981008,1
5.9502688738,9.78871e-05,1.8641549587,33.563512353,33.032570692,1471.2521444,0
9.1105861667,0.0001500308,1.6525164308,42.074283972,24.482035182,1553.8379291,1
13.431688156,0.0002757787,1.5632708834,38.779335375,28.273006266,1517.7965397,1
9.5743768551,-3.13713e-05,1.7656497119,37.574853424,30.023660918,1470.0599998,1
14.082318545,4.87528e-05,1.5949774822,35.705070644,30.709516689,1529.3841018,1
11.985048924,8.79848e-05,1.7309234837,33.781367843,33.281126229,1468.2876044,1
7.9231767403,3.02352e-05,1.7191486071,36.450660807,31.758141732,1571.4264733,0
18.191519166,0.0001558853,1.6526811463,36.771877799,30.946100298,1495.1725079,1
4.1701974782,4.47036e-05,1.9759871592,38.172737568,25.368569904,1521.2728781,0
10.647336787,7.62375e-05,1.5285529529,38.029485979,30.281655025,1500.2542663,1
9.0818446035,-6.4082e-05,1.3415897011,40.297767965,22.957521827,1589.1995712,1
12.817744986,-6.88259e-05,1.4541699595,35.228818284,32.14982636,1467.9800855,1
14.129316927,1.05442e-05,1.8857977961,35.488426474,29.655845552,1524.33162,1
9.5386798567,-3.18125e-05,1.7063145382,39.923741896,26.377410013,1536.0117083,1
9.2689846158,-7.97206e-05,1.990859699,37.951192771,26.781671912,1487.9155414,1
12.457001318,2.38135e-05,1.3823863276,36.337984656,31.451109735,1447.1990468,1
13.22042203,0.0001366836,1.6530310831,38.584207104,27.506343754,1476.7050081,1
11.488140045,3.5162e-05,1.199295114,36.387860655,31.378480297,1476.9412366,1
12.066318951,4.8748e-06,1.7747187714,38.287472288,30.98854177,1520.7624786,1
13.652826357,-0.0003156937,1.4162742808,32.282905842,36.899105283,1475.0809132,1
8.9383846633,2.01598e-05,1.6072187136,38.307876306,26.450921494,1599.4770643,0
2.5487717748,-4.8384e-06,1.9219946539,36.013490933,29.877240396,1575.0775632,0
7.3877006814,2.97598e-05,1.0846329132,35.934020219,27.101488966,1580.0673843,0
4.2370288333,0.0001455598,0.9290339741,33.377124252,31.3694563,1445.7391552,0
3.8374660685,-0.000225279,1.0337362916,34.385989668,31.925557383,1536.6550947,0
6.0382562289,-3.21335e-05,1.8633507339,34.787084631,27.747540817,1568.9794883,0
10.644483481,-0.0002394734,1.2606847218,42.68550977,22.797788796,1575.1921684,1
6.3797008523,2.82504e-05,1.5846266191,35.241093826,26.218388306,1596.1709128,0
4.4623730571,0.0001979235,1.9775920954,34.83948451,24.951080806,1551.8913921,0
7.1942370646,6.4466e-05,1.7082997479,34.385731604,30.905963428,1527.7765311,0
5.0596587641,0.0001603056,2.0759051264,32.750300836,32.490668083,1581.1604116,0
6.4139275063,0.0003387994,1.9517817232,32.538523801,26.964360684,1516.1023556,0
5.2368248242,0.0001895386,1.5815763661,32.249628039,27.384156019,1555.7654539,0
24.206353022,3.78726e-05,1.440594694,34.282028498,30.697557923,1499.8954625,1
6.0044634687,1.45449e-05,1.1861643967,35.334123281,27.157030196,1568.8259546,0
19.200418612,0.0003851766,1.6037738027,37.36337997,29.216421106,1459.2141542,1
11.065237154,-1.16343e-05,1.3526445182,38.09686998,29.071225655,1552.3180479,1
4.1990392436,0.0001248995,1.5068640749,35.697580909,23.739883799,1564.2632068,0
10.960516703,-0.0002140096,1.3366432701,33.887059195,32.872990858,1453.365816,1
4.9397640698,0.0001439834,1.529174299,31.432463336,31.488059567,1521.3995132,0
9.4647443761,6.14035e-05,1.3922912721,35.420539915,33.683772611,1519.7889426,1
8.6289105066,7.71332e-05,1.9148032539,39.034514527,28.108100671,1498.6271397,0
26.392353735,0.0002192542,1.8809361172,33.582727914,33.842605808,1470.9260872,1
13.462224174,0.0002147858,1.2998181906,33.058816573,33.74949043,1474.0088101,1
13.638312743,7.27284e-05,1.3519813394,31.82588618,35.972464813,1449.4597544,1
8.6140983547,3.08865e-05,1.3452595377,37.405995449,24.844254757,1517.247169,0
4.0553700047,5.40542e-05,1.5790788357,31.762896013,35.167557144,1567.5719574,0
8.4620335886,-3.68206e-05,1.3385985413,42.449190431,24.476121902,1578.0203112,0
2.7189954702,0.0001753342,1.1858566669,32.550343586,30.137618929,1552.4741897,0
16.269717695,-4.7783e-06,1.4029442948,36.489215568,32.12980909,1475.3813755,1
6.4708815801,0.0001472313,2.2164975891,35.914567051,24.502004105,1559.8381755,0
7.0931762324,0.0001137318,1.6421825033,38.803637747,29.11983009,1526.5364638,0
4.7639114942,0.000129114,1.9713753085,36.424772093,24.22171038,1542.3879991,0
6.8813783257,-4.82189e-05,1.4687280123,38.715781672,25.813541557,1570.0395362,0
19.35961756,-2.18724e-05,1.2194533577,32.950141032,33.653700442,1514.8980892,1
3.4361625613,-1.47475e-05,1.6731998229,37.598023428,29.421271984,1500.9510954,0
12.580575506,-0.0001572972,1.445529014,37.545414198,28.382840348,1485.51811,1
11.615702773,0.0001576788,1.2844658101,38.640721774,28.006724528,1474.5210727,1
5.5334293891,0.0002196687,1.6060246708,38.565492232,24.220238607,1558.3833306,0
8.4243935623,-0.0004576194,1.3071518283,37.715921696,26.693117352,1575.7453419,0
12.457161444,5.706e-06,1.3778867777,35.797507945,32.755524838,1443.0579668,1
10.641281741,5.75402e-05,1.4297089812,35.917204316,31.764878521,1467.2142306,1
14.329470316,-0.0001314101,1.4074270937,37.376808043,28.678971672,1515.2598111,1
7.4121616345,6.10664e-05,1.6076564503,32.073476347,30.164828784,1564.0824911,0
2.6928632844,0.0001680801,1.1854716207,33.55593449,28.207109773,1477.2092303,0
8.5895629906,0.0001249467,1.779926444,37.066776348,27.729952396,1524.7423656,0
9.271399033,-0.0001182407,1.225844483,36.866075029,29.671535551,1545.261626,1
7.943945796,0.0002052962,1.7976242602,39.948800629,29.766993087,1559.7029508,0
27.080433292,0.0003994303,1.6197750585,35.116336681,31.022567349,1413.4833125,1
16.165669195,0.0005173509,1.8055682884,35.284781133,33.823501733,1406.6793124,1
5.9448179021,7.77041e-05,1.8490797402,31.542512014,33.103963638,1538.686605,0
12.252251715,0.0001743814,1.5196027631,37.244694624,30.116101849,1513.9244328,1
6.9156178382,-5.4432e-05,1.327605735,33.97649394,29.256917717,1611.438214,0
9.540201442,6.1461e-05,1.3911904145,38.543170207,27.000527566,1573.8697043,1
18.126378155,-7.8316e-06,1.6014844675,34.232096424,33.098696839,1481.9287167,1
13.66177771,0.0001193727,1.8122577772,34.858702866,32.248603943,1482.3785844,1
13.587083231,-0.0001436539,1.6334774431,34.474172387,30.944913625,1576.1624199,1
15.435821654,1.38884e-05,2.1363618297,34.732908846,33.751920368,1465.1984572,1
6.9756669637,0.0001014944,1.6120695087,35.279280566,27.299279068,1569.7708697,0
12.679396802,1.09358e-05,1.2076354482,35.552039788,31.048562711,1526.7033834,1
11.777233969,0.0004165291,1.8084497944,37.945440185,29.008606874,1521.6274314,1
15.197749232,0.000589941,1.4343947746,34.896834819,33.641556655,1478.4269999,1
15.298099023,-2.38308e-05,1.5676793792,36.651228848,31.58760209,1463.1701784,1
27.769075203,0.0006267999,1.2735323451,34.74628131,31.231734551,1458.6760984,1
8.6457141189,-2.61452e-05,1.319413813,38.243216631,27.335529368,1555.8721126,0
9.0965272898,5.47156e-05,1.6487532394,34.878902309,31.255457191,1554.3186931,1
3.0741353968,0.0001533713,1.1468752178,33.894108169,26.71817969,1551.540132,0
13.850521827,-7.13727e-05,1.5257597619,36.843833793,28.341767624,1542.7228437,1
7.5487910225,0.0002166946,1.7946433558,34.884835922,32.062606661,1522.4403326,0
11.34444532,-8.36016e-05,1.6267521324,30.808567582,37.996169322,1456.0721976,1
11.869091295,3.6413e-06,1.6463224438,38.903216236,28.77039296,1552.2949359,1
2.152797519,-1.99163e-05,1.3648354842,30.21102152,29.811967682,1527.0894137,0
12.101317037,0.000291308,1.680060534,38.354994363,29.322338143,1479.6797272,1
14.502086742,2.28396e-05,1.7425044053,37.086592757,32.144283099,1413.9222176,1
13.792777449,0.0001139741,1.4888006942,37.195764239,30.097901979,1462.5384123,1
7.5194303055,8.99908e-05,1.7812083995,36.823159373,28.807509901,1571.298324,0
8.8144183725,-4.25572e-05,1.0972001653,37.608590819,26.617203183,1522.1049693,0
7.7111531862,-4.67046e-05,1.4790272538,35.746533218,32.466830999,1451.2441037,0
10.551630526,3.97812e-05,1.2474612027,34.442284787,33.951657154,1487.6193406,1
18.276965799,0.0006316039,2.1159093579,34.32786073,33.298960163,1505.0373628,1
4.994094401,7.75273e-05,1.6937421523,33.169268112,27.153908271,1554.1682792,0
6.9673023184,-1.77702e-05,1.6067981799,32.438054426,33.833904865,1536.2367616,0
13.942987229,9.23859e-05,1.7466301725,37.724542053,27.691562912,1548.9085902,1
5.1457323522,5.13784e-05,1.8393800525,34.539098859,27.559222176,1573.4159477,0
19.42143988,0.0004503014,1.5148506941,35.679256878,31.325250742,1414.7191727,1
10.090495359,-3.1007e-05,1.2504633863,37.613171407,30.588427422,1470.1683992,1
4.6839672972,9.8359e-05,1.9446186449,35.103913404,29.988281476,1529.107315,0
22.677585033,-1.02737e-05,1.8500189876,34.452422399,33.384161573,1455.3963967,1
5.8732273943,-4.09129e-05,1.3901892545,34.285468878,28.469604554,1608.6753489,0
13.739870379,-0.0002202883,0.9963299431,36.607504109,31.492366153,1440.3212254,1
12.968695285,0.0001146446,1.2419673529,37.636298074,29.202177822,1461.8424197,1
16.457787209,0.0003442952,1.1503737899,41.040376486,28.494732028,1446.3845621,1
5.0010455927,0.0001092132,1.8000332779,34.27126367,27.694544118,1561.7874292,0
14.988804316,-2.97168e-05,1.5042271145,38.676233903,29.906579482,1481.3991303,1
6.0710996733,0.0001129503,1.8980532222,36.173041344,26.280847477,1582.8773883,0
20.957583241,0.0002043083,1.6148348477,33.951223116,35.374767845,1461.1114251,1
26.520343817,-0.0002115352,1.2139707698,32.400917082,35.404766259,1448.5330607,1
15.698943509,7.95978e-05,1.42600033,37.322432151,29.761246561,1496.7469039,1
13.460633758,7.96785e-05,1.6139140356,32.249493856,35.824737597,1488.5208255,1
10.824813429,-0.0001675798,1.1617990375,39.386883675,29.958082281,1488.1830475,1
3.3152749705,0.000139356,1.9468930389,37.113525358,24.703317707,1536.2013758,0
8.3173091506,1.37484e-05,1.5142279289,38.32802895,30.413176646,1479.0387149,0
20.342109536,-0.0004314238,1.1762734722,36.172076811,31.358435372,1451.2122234,1
9.2549269545,6.7008e-06,1.8235470442,36.63572884,29.994651719,1551.728481,1
6.5921571137,7.15447e-05,2.3920366475,31.573432231,31.968125945,1552.124079,0
11.137977213,7.56138e-05,1.1970707564,34.839501179,33.58940657,1471.1589435,1
5.2630254679,-4.68223e-05,1.4527785387,36.851219251,29.302075496,1559.6358472,0
14.246871629,8.35472e-05,1.489776918,38.648112777,29.351884108,1481.0916938,1
7.8420003898,0.0001470771,1.2573378622,39.068712221,26.481400754,1525.2365398,0
9.5149222748,0.0001009883,1.6575702816,34.241972131,29.922478771,1557.684099,1
6.6864252895,-0.0003328052,1.0604548517,34.704624217,32.696023553,1442.5133798,0
10.596244373,-0.0001174446,1.799789548,38.202585861,26.417197481,1499.5944858,1
15.195528967,-6.2739e-06,1.7938963536,35.610143016,32.719249379,1451.3628009,1
10.799571388,0.0002375343,1.6074219077,38.780216443,28.940382133,1551.9098744,1
7.6858352989,-7.25974e-05,1.9724406374,37.421551128,30.026683782,1554.7190958,0
22.814420345,0.0004686617,1.1117665625,33.528297989,33.606528265,1503.2066903,1
13.089339867,3.60459e-05,1.6780003697,35.875377145,31.69013297,1512.7234812,1
18.135620636,-0.0006053883,1.5290353812,35.661612824,31.635859219,1439.6789512,1
5.8171100588,0.0001188396,1.5808718136,35.68355354,31.837651837,1530.4078818,0
6.4458677983,0.0001250801,1.6651109518,36.040805817,24.819961376,1575.4283303,0
3.5710679402,9.45101e-05,1.5840912584,33.753844309,26.558011664,1571.4815447,0
12.699493874,0.0004960364,1.1415845193,36.814726538,30.115672916,1444.2093161,1
20.040607102,0.0003208108,1.9865793192,35.277632651,31.289373777,1493.6797545,1
14.828437249,0.0002652365,1.441230064,38.920963058,26.715574768,1480.0947797,1
5.2123864476,0.0001260802,1.37608832,36.819586395,28.516883823,1546.0766816,0
14.956943694,-2.78394e-05,1.4540564743,38.913575485,29.192101862,1435.8083133,1
14.354504049,0.0001311135,1.4727431538,38.216591507,28.155646483,1519.7545019,1
4.9723617258,8.0635e-05,1.6922131015,32.36038216,31.954579561,1523.3034519,0
4.5805232525,-1.02133e-05,1.9545498859,38.321226381,23.783536751,1554.0405075,0
7.9333384604,4.87359e-05,1.7416315667,34.532643845,31.01454128,1576.5425776,0
15.671116959,0.0004619978,1.7501758262,39.169029965,29.243970408,1426.0715198,1
9.2244535116,5.107e-05,1.9357898073,34.773102887,31.468308366,1558.0557572,1
6.4389959652,0.0001301156,1.9928967866,33.07721897,32.835808945,1532.6552585,0
8.2418739157,0.000143862,1.7394769145,38.903518881,28.589088927,1431.8789643,0
11.131635822,0.0001591674,1.3365039565,35.18330261,32.644144452,1490.7983743,1
4.4947114433,0.0002748926,1.711963168,32.017188152,31.789382165,1541.8959544,0
4.3453001839,-5.53103e-05,1.8218611597,34.320510314,26.347433747,1576.8955816,0
11.927169715,-8.61579e-05,1.3863393158,38.80208708,27.303409752,1549.5937167,1
19.690583607,0.0003046993,2.0264525664,28.71495091,35.097616391,1461.5553063,1
14.77456659,-3.87827e-05,1.4794541113,38.250567889,27.038491374,1450.5594301,1
18.115009517,0.0001538447,1.5902627864,35.626494082,30.877329404,1470.0326679,1
8.953973161,2.4228e-05,1.718023176,36.443532217,31.294530849,1487.5290125,0
7.9612577028,0.0002114258,0.9541030645,35.409875865,32.872326906,1509.5843976,0
4.4003152104,-7.90842e-05,1.3209095532,34.900713005,29.732161235,1475.1788709,0
9.7304592129,0.0001180058,1.5821342411,39.240259423,26.80381202,1484.1849483,1
12.855129914,-9.10444e-05,1.553629705,37.857421701,28.483520543,1508.2261788,1
10.180007223,3.40723e-05,1.6054980865,33.126899039,33.472461677,1498.2609606,1
7.2626505742,0.0001751383,1.7860988726,36.574287449,27.23992055,1590.0000739,0
11.588963564,-1.10991e-05,1.9490525173,42.866695623,25.542684336,1561.2161464,1
9.3735462713,1.05524e-05,1.9542632128,35.892858599,31.355502361,1509.272495,1
7.3942895821,-3.02874e-05,1.4572416536,32.768755317,34.320030686,1470.4923562,0
15.185389775,-8.10529e-05,1.4021908187,36.916602529,28.971480835,1480.1746677,1
18.069075297,-6.45883e-05,1.3487318695,36.064933801,30.671466314,1426.2383956,1
15.626512083,0.0003882212,2.1986538418,37.116413099,31.526739662,1413.5574123,1
12.561860741,0.0001740798,2.245487715,39.206044009,28.715352125,1476.8581695,1
3.2416272096,6.57866e-05,0.8731682363,31.07145497,30.763484229,1540.4853092,0
8.5718406651,0.0001019443,1.6446210712,35.653838584,29.213925767,1570.2251829,0
4.4311377553,-7.5176e-05,1.5735624465,31.708325858,33.174481428,1569.7286666,0
2.5620463694,-7.2519e-06,1.3911704474,38.149380061,24.479949805,1565.9471878,0
4.7426235243,6.19234e-05,1.7374568522,38.057787288,25.507383264,1463.9026455,0
4.5078740789,5.2292e-05,1.6763665118,35.716417407,24.469499152,1573.007105,0
7.0739497715,0.0001172029,1.6665381029,33.205731957,33.975454937,1537.9324673,0
17.385692234,0.0001404856,1.3974860724,37.197321161,30.109430917,1450.8316624,1
15.622680067,6.90947e-05,1.5224389641,36.902048128,29.475377378,1511.8225282,1
3.848717399,0.0001075075,1.3872043189,33.157174041,28.467596256,1546.8989595,0
5.6067850189,-6.4857e-05,1.4627053007,37.022064817,25.037097365,1537.9997002,0
13.647896541,0.0001910666,1.7125434272,38.949386551,27.654761775,1519.8202076,1
3.4399190614,0.0001850555,1.8166443064,34.472484589,29.717631138,1502.7048896,0
5.3392804001,-5.5156e-06,1.5689229403,33.557828996,27.944578309,1607.2387598,0
4.2353668972,-7.3764e-06,1.4235459685,38.768614828,26.10622443,1565.9342797,0
7.2741091957,0.0001773099,1.9057317479,34.609435052,28.951298673,1604.530054,0
12.002466228,0.000232287,1.3170356882,38.122675197,28.351275797,1470.9478068,1
10.866631276,0.0002401605,1.2593650187,39.834293423,29.758050753,1489.6174634,1
16.133699951,0.000473,2.5566639483,38.909010173,27.431522859,1459.5979294,1
7.3754511414,0.0003020194,1.1698864953,37.514854807,27.656800374,1536.0848053,0
6.3289712842,0.0001897581,1.7509703151,32.591113073,31.692705533,1598.8422807,0
7.5288512334,-0.0002701691,1.3936113261,35.007810731,32.570525119,1476.6177036,0
8.2989968517,-1.3701e-06,2.0064337778,36.320498896,29.223915523,1517.572398,0
8.2755266627,0.0001889072,1.4848315165,40.328740776,25.928388909,1505.5209248,0
5.9199461133,2.92492e-05,1.7000361667,35.657371104,27.37923282,1579.9538417,0
13.194631918,0.0002051018,1.5496124169,32.776026135,34.682212413,1462.2516465,1
5.9497393744,-0.0002148314,1.6208127478,30.808688012,36.425234246,1507.536637,0
8.0144925519,0.0001342793,1.8396277649,31.538165199,31.083699168,1482.6763088,0
5.2901017327,7.3251e-05,1.4221022719,30.484835979,36.643333107,1503.9669002,0
16.114088595,-0.0002122744,1.3290957259,35.739816317,32.172787796,1516.6168438,1
10.626382478,0.000101074,1.5100879763,36.887041517,29.940822663,1545.0381874,1
15.496445859,0.0001390759,1.3827169089,37.970608091,27.72383605,1544.8681032,1
11.564017379,0.0003633911,1.744625483,30.804461328,35.931976703,1460.450829,1
6.8139393002,-9.41184e-05,1.2236527215,34.546774795,29.373175099,1607.4620708,0
4.8067059638,-4.34253e-05,1.3087140227,37.622427761,31.466682887,1457.8976118,0
14.204171273,0.0001416071,2.349437167,37.881120694,28.520306971,1496.8457895,1
16.337086756,0.0004110608,2.1579101031,38.732410908,28.700566312,1415.1825987,1
5.002404068,8.86642e-05,1.6257820126,38.242709141,29.865515257,1449.0088503,0
10.75156818,-0.000297964,0.9032171211,35.963864764,32.735253898,1522.8563293,1
15.682001823,-0.0003878634,1.1432676161,33.106528828,35.017807783,1546.8737427,1
7.2180295659,0.000215859,1.8274883727,31.197977543,34.388142148,1556.4234755,0
14.032761216,-0.0003524587,1.3894180676,36.840231488,29.888335785,1532.3139585,1
4.2420841182,3.89827e-05,1.8835966952,37.088995311,25.459646644,1587.6196137,0
12.703707892,7.76704e-05,1.4912785062,37.505576881,29.873008552,1471.4034534,1
9.2907133853,0.0001590729,1.5000908439,38.392543774,27.675802735,1567.9812628,1
0.7762984971,2.46738e-05,2.1635883984,31.528041577,34.357505837,1518.4545967,0
12.477632228,0.0002184076,3.0958727509,39.215249787,26.527134343,1484.3833201,1
6.3476305493,0.0001871744,1.6235108802,39.00158279,26.23880723,1560.9431721,0
24.354039358,-0.0001461428,1.6653895445,34.050316711,33.443350045,1507.7788247,1
15.993844274,-0.0003500229,1.2482055098,36.125902503,31.62950708,1394.5357238,1
9.5578866508,-3.36585e-05,1.6071744545,36.661746541,29.486358287,1544.1444672,1
10.532828589,0.0002727034,1.3985450524,39.11500232,29.059841212,1461.5937241,1
5.9649336832,0.0002595707,2.4418793048,34.114952683,26.908856955,1580.6627104,0
14.019922562,0.0001493468,1.4422918483,40.279120869,28.473279899,1498.1451988,1
16.150832837,0.0002054654,1.6736237892,34.201113816,33.667552524,1532.2510604,1
22.325772336,0.0001016456,1.0236661074,33.897118082,34.051521444,1508.4991534,1
8.6574834385,5.55027e-05,1.897752166,38.573051769,26.572630373,1591.1907301,0
9.4689273133,-0.0001583024,1.5968355012,39.094565109,26.355296338,1466.4981983,1
11.435242482,0.0001872817,1.6138192609,38.93924628,26.997678172,1481.1903335,1
11.650842281,0.0002111659,1.5157251975,39.84842918,27.453487274,1499.6240214,1
7.4889152954,1.75414e-05,1.2751679522,35.155088065,31.021675016,1570.6870441,0
15.242450073,0.0001039696,1.3274063889,39.264915861,29.760918298,1459.1134806,1
8.1100105448,0.0001243216,1.8134655386,36.148493156,31.742347817,1485.5875263,0
8.7806557036,2.97595e-05,2.044614936,34.947422959,30.253332787,1525.6611423,0
5.1821379234,5.93376e-05,2.479663112,34.204304928,31.21238155,1560.4918069,0
11.321777554,9.45922e-05,1.7033535831,38.820193015,25.33353332,1545.6585835,1
13.373684397,0.0003321715,2.0199095026,35.43425137,32.276158486,1496.956111,1
3.0336471506,4.6313e-05,2.1402667129,34.606768799,26.803236103,1548.0104828,0
23.749210274,0.0009234797,2.1020790882,32.903810345,35.321473247,1528.7967224,1
9.8560659669,-0.0001483187,1.1734741547,39.127953436,26.910893196,1533.9005447,1
5.7175581156,-7.69812e-05,1.4681727038,33.804417805,29.185155905,1627.7871334,0
11.47765335,-3.68444e-05,1.8141431612,37.711529942,27.603858321,1514.7726231,1
11.757385223,0.0004244038,1.8766522418,38.453589034,26.289177041,1497.7469317,1
8.0508183137,8.425e-05,1.2764989313,32.619937671,33.029757511,1611.1368098,0
7.5930053123,0.0002284296,1.6663321052,32.632794767,28.943783061,1539.7158076,0
6.055524412,5.62709e-05,1.6983975644,37.436544518,28.26527868,1579.2681956,0
8.7942228955,7.53743e-05,1.5610440764,37.006415485,29.540577365,1501.9281353,0
5.5679710964,0.0001925005,1.4456740014,36.801412021,25.273198613,1563.2488947,0
7.145741816,-0.0001579279,1.8283379442,33.214963101,32.840107664,1535.3887449,0
16.100233695,0.0001884676,1.6537523074,35.476684213,31.277134078,1491.3373552,1
6.6214473177,-8.52154e-05,1.5102641642,34.269828623,32.752863472,1575.3341214,0
9.1342154339,0.000151912,1.6327162098,38.479828243,28.120796461,1508.8367455,1
6.0325581175,3.18231e-05,1.5186328647,35.39277957,25.729370068,1569.4726818,0
4.1982368395,9.05453e-05,1.6716074056,33.017599642,27.080481912,1559.0854902,0
23.404555663,0.0004226437,1.4248955312,34.184761828,31.375363365,1487.7064491,1
5.5599457449,0.0003613309,1.8211052476,37.184987051,25.003929072,1562.0303859,0
13.454014196,0.0001438524,1.5929653245,38.051682919,29.476993059,1580.8147927,1
5.1674484512,0.0001035127,2.0698896556,32.19932031,30.849436109,1525.1334558,0
15.615581584,-0.0003350422,1.6764121506,34.870059893,32.731196465,1430.5751647,1
9.7612430222,-2.50188e-05,1.3011406784,38.545878775,26.586334234,1450.9524034,1
6.9309361193,1.10838e-05,1.6529883553,35.888797881,26.087841486,1587.4616647,0
14.19141985,0.0002785724,1.5418862356,35.78900146,33.523532431,1451.7124599,1
8.2572643853,-7.1199e-05,1.6732354521,37.924287141,25.600973726,1575.3352419,0
8.6592685508,8.78526e-05,1.8082232295,35.852773556,29.828392179,1528.5069969,0
6.3119605941,2.03439e-05,1.5847516398,34.233999309,28.682035287,1577.3726544,0
4.9929058167,0.0001834105,1.854989239,33.717434476,27.271845689,1567.2941435,0
2.2397875578,6.13059e-05,1.6825781555,36.422556636,26.324445368,1535.4520233,0
15.090698205,8.89037e-05,1.7095268582,37.807760794,29.239867868,1453.3972757,1
20.518767604,0.0002665897,1.0082259738,34.648641287,32.467384296,1538.3415199,1
12.978321078,7.84453e-05,1.565255167,38.730146579,27.369079081,1480.594636,1
3.327598548,-4.40942e-05,1.716272424,34.967685816,25.920562098,1582.6952828,0
2.7405552476,0.000106002,1.6843088171,32.502022935,28.052587441,1582.783566,0
3.7936738335,1.37095e-05,1.5052932847,33.142706505,27.786013451,1577.2525088,0
9.4807112039,0.0001121928,1.9026824357,37.368778778,30.553673311,1505.5643195,1
7.5365323093,-0.0001551777,1.1993819608,38.06734055,27.346500404,1570.1001116,0
12.34742434,-0.0002600761,1.4172576817,37.224053587,27.719234576,1478.5196557,1
9.7315517443,-0.0001262668,1.2301979715,35.569800358,31.76751922,1542.4736031,1
8.6667354298,0.0001454436,1.8695350056,38.785596619,25.362898074,1557.8837895,0
9.7588109581,-1.20692e-05,1.4667807677,40.331900629,23.31216597,1583.3712685,1
17.413276676,9.20462e-05,1.8285861409,32.581256974,35.488996632,1506.7022624,1
14.257859107,-2.07438e-05,1.0574814852,34.243694319,33.343599717,1515.0099326,1
8.0507624236,-2.01183e-05,1.5099411952,32.716086623,36.094853494,1488.0508611,0
9.9941488229,9.24581e-05,1.4495512395,34.72271649,32.741054263,1521.5962878,1
4.9448269558,0.0001007533,1.7104073155,32.84755273,34.032342101,1470.9391432,0
14.384778163,-5.34666e-05,1.5471007739,39.36060288,29.459887497,1543.1447966,1
8.4017547447,-0.0003153825,1.2731837255,39.203969039,25.30597913,1588.7323921,0
9.735581106,-0.000137964,1.5439942182,33.334707326,32.213601496,1598.5425816,1
7.6319823181,0.0001307423,1.8381976796,32.565866625,34.894136713,1443.7160558,0
12.08324752,0.000113251,1.9457076475,36.120357773,31.626564345,1474.5509872,1
7.3156070249,0.0003120245,1.1935234993,37.255843186,25.305631585,1479.9713023,0
3.2896090619,8.86911e-05,1.7136602615,34.151494557,25.891589929,1567.4602195,0
4.7612740455,0.0001281927,1.5681492076,37.056769826,26.944304172,1537.0637475,0
7.893433629,3.29698e-05,1.7340693653,37.861175115,29.748799675,1466.2549686,0
21.680879967,0.0001309247,1.373921958,30.572382223,36.994513356,1488.1778041,1
10.583804587,0.000176933,1.8622676577,35.646519938,31.781063222,1495.2009357,1
5.0226413238,0.0001426066,1.8995771077,32.220421139,27.86250527,1580.030846,0
11.975211048,0.000147834,1.3464700108,35.833735627,31.812729703,1498.9708762,1
16.025635688,-6.09129e-05,1.9127780449,37.860292051,31.974472249,1444.7614464,1
10.349235812,-7.99046e-05,1.3651996653,39.082252496,28.782179238,1547.9464079,1
24.345212854,0.0004679084,1.4497658,34.022977716,31.530649001,1436.8063038,1
8.5746378665,-5.34039e-05,1.3349329313,38.162871431,25.292884488,1549.1359513,0
22.081511395,0.0001720274,1.3310426594,36.770432708,28.074781011,1419.9626894,1
8.7281434506,0.0003711805,1.9455974504,39.009673278,24.635774077,1534.6057024,0
6.4477565746,0.000164381,1.624533993,36.103996684,27.528397956,1589.1354019,0
18.441307482,0.0004408007,1.2417042832,33.450748932,34.106034812,1516.2038465,1
9.5182747367,-6.5874e-05,1.4437367763,37.298203159,27.997365286,1531.49922,1
11.344396445,-1.6331e-06,1.2770402743,36.173475383,29.324051106,1500.139272,1
6.3202118502,0.0003325401,2.1131610376,33.368860227,30.471183482,1532.6966888,0
6.9092727558,-0.0001907008,1.346085513,36.211343603,29.699680033,1573.1271438,0
5.1854416337,0.0001965944,1.5088561554,32.238287441,30.906826553,1535.5518446,0
5.1787414578,7.30365e-05,1.573989536,32.474276294,31.23705655,1595.5304933,0
9.8006278256,6.2563e-06,1.7347142499,38.21573272,28.06954953,1487.8890763,1
10.480338306,2.24926e-05,1.9565428392,35.994274585,30.187391687,1548.2643726,1
11.984706619,-3.53695e-05,1.5713494938,37.705516731,31.080957538,1423.0075036,1
9.002460686,7.46581e-05,1.8170407936,37.051680329,29.245346122,1520.5279673,0
16.601369616,0.0002507132,1.4752951319,37.606903958,30.517736596,1475.7811068,1
3.6295638202,0.0002123976,1.7126162926,35.509234124,25.416180489,1566.214834,0
5.1287112897,0.0001540487,1.7629529434,33.015754627,27.919692988,1586.1077176,0
6.6243031957,8.66316e-05,1.4165159574,34.962665928,27.348669411,1574.5008526,0
6.1668817732,7.00532e-05,1.7279421347,35.86514925,32.128933405,1477.4813049,0
16.454601277,-0.0009017475,1.0943264653,35.367318189,28.535384916,1498.872673,1
19.701524613,0.0005932664,1.8451922741,32.13456136,35.603830139,1410.6642446,1
9.4135996402,-8.92029e-05,1.3668203868,37.397252087,29.984513733,1587.1583039,1
13.214015116,-9.02054e-05,1.3672215346,38.578699665,27.817897154,1487.4229786,1
12.196747269,-0.0001426639,1.6650840618,35.723276138,28.19523716,1531.413801,1
6.0706836711,3.13971e-05,1.6468400367,34.434862235,27.489194731,1573.6658748,0
2.6134901546,2.02531e-05,1.5839223599,34.636395191,29.951252948,1590.0509538,0
10.06286985,-2.4183e-06,1.6460186028,37.443563785,29.224803361,1512.6330121,1
11.514723536,0.0001265778,1.1728289555,39.516719438,26.007989394,1573.2253469,1
4.4912457502,4.91728e-05,1.8277277896,32.136145673,28.434268739,1571.9068415,0
8.2687686969,0.0003180659,1.5008422215,38.783551015,25.471566343,1591.9272755,0
1.3586011907,-2.90653e-05,1.5941799287,35.014595359,28.374429463,1570.5217425,0
8.0442568522,-3.8673e-06,1.3289296645,37.661774138,27.345458727,1581.8435849,0
2.374650288,2.5836e-05,1.4703400396,34.466260628,27.235405335,1591.1416874,0
15.133220903,0.0001533024,1.5676932402,37.107367211,29.195033639,1441.5103687,1
6.1401229379,0.0001048613,1.921887214,36.983256036,27.926244499,1546.2750971,0
12.78259019,0.0002161121,1.110497655,35.474163716,32.585880463,1536.8725968,1
14.794296668,3.88297e-05,2.0382059364,37.21401727,30.107338298,1539.1304808,1
16.864333073,0.0003709994,1.470952069,35.211740128,30.966440733,1492.444297,1
5.5077517176,6.63275e-05,1.7001401129,37.086275226,23.501116622,1570.8319816,0
18.791758348,0.0003297728,0.951171945,34.439747914,33.485840418,1555.3481004,1
2.7590552238,5.00166e-05,1.9499466372,36.681003007,27.728399027,1573.3110805,0
9.3895980289,-0.0001056526,0.9173476165,37.405655856,26.538380802,1582.1909713,1
7.4752034507,8.31127e-05,1.5859075072,33.681800765,32.569884635,1580.4156275,0
12.838971572,0.0001120655,1.6983580181,33.383845936,33.671039585,1531.2414682,1
11.058081262,4.46841e-05,1.3086991793,32.2177637,36.521543503,1481.9700325,1
11.052174396,0.0001493758,1.8175973166,31.540915631,33.870886351,1461.6762413,1
2.8484270003,-6.25612e-05,1.6720325082,34.351133987,24.878027544,1586.8773706,0
10.577896284,0.0002243974,1.7652116824,39.276978311,26.897776195,1468.9706355,1
13.928860004,-1.64803e-05,1.3851377134,37.635179829,28.572243949,1432.7243701,1
11.683408655,-6.71067e-05,1.0570924346,38.170574802,28.931354439,1535.2034233,1
7.3543547075,7.98036e-05,1.1182192288,33.999545734,33.252945048,1490.7019294,0
3.2198433066,0.0001582402,1.4675096558,37.774464021,24.388025215,1571.3584238,0
2.3162701285,-2.03713e-05,1.866467727,30.544399146,30.965558291,1452.9369796,0
11.63345012,6.58516e-05,1.3789298694,35.341225176,32.997557126,1492.972865,1
18.871891834,5.49992e-05,1.2709406542,37.302522833,29.471569971,1453.5452372,1
13.986835419,4.33013e-05,1.361801534,38.892130298,28.28483388,1530.4611756,1
10.696106156,-3.2927e-05,1.1616182023,39.6501651,27.033369176,1583.0822624,1
6.5880633334,0.0001585584,1.2994928763,33.399946589,28.2178244,1533.8797093,0
10.938156684,0.0001837367,1.7499664362,39.258402518,26.575368801,1512.5518816,1
8.4513236509,0.0002500967,1.307980941,33.377481853,32.560255141,1545.1329193,0
18.770935821,0.0007531243,2.3954947845,37.732561656,28.663154161,1454.4484484,1
15.707934806,0.000196928,1.561504947,34.433508363,33.932519632,1470.5948088,1
7.9243030633,0.0001341534,1.7371098446,32.628741143,32.222692745,1543.4550307,0
9.2264380866,-6.81791e-05,1.1538211899,36.52402494,28.573311263,1499.7383199,1
8.6366919835,0.0001309728,1.5378179172,38.084203375,27.86850243,1508.3032051,0
8.3385982012,-0.0001667718,1.4721686479,35.916122802,27.586080654,1584.2716599,0
11.782643333,-0.0003087707,1.3740950241,32.826146052,35.249214606,1485.4692808,1
16.253899698,0.0002440801,1.554649287,36.300738006,31.784454537,1494.9888199,1
4.6495791592,9.6738e-06,1.9357340356,35.566955552,30.820462931,1530.7356854,0
11.094367668,0.0001632256,1.3517012729,32.124083971,33.640550913,1545.9680329,1
11.468202675,0.0002706425,1.4207639364,33.789483435,30.832510387,1548.3313398,1
7.3942605489,9.13033e-05,1.7026163411,35.199505201,27.692462616,1574.6985745,0
6.4346141958,0.0002409988,1.685064855,36.339719388,26.987918325,1575.5259007,0
15.018209853,-2.5194e-06,1.4952677696,38.086395404,26.993252818,1469.3172004,1
17.688873722,-0.0001210118,1.5409694033,35.025609891,32.686368819,1481.370921,1
21.420731543,0.0003606582,1.2612343973,37.093680115,29.619963831,1425.4398974,1
7.4578277684,2.75208e-05,1.4621999339,39.270792814,27.136957452,1560.1826412,0
3.3099329633,3.50824e-05,1.2242973606,36.899060801,30.309303918,1554.9952808,0
13.350751552,9.41844e-05,1.999359368,34.317087008,32.640459744,1523.0965724,1
3.6346495208,0.0002623578,1.7731107292,30.772144377,29.217745889,1553.6885799,0
16.763884582,0.000202115,1.3107114754,35.75426581,31.443749151,1454.5540823,1
8.9358629407,-1.18181e-05,2.0337042507,40.006517652,26.98113106,1507.2667744,0
10.884901243,1.55009e-05,1.2022388802,39.216049435,30.171637661,1482.0181866,1
5.0363886218,-3.27931e-05,1.8145073851,34.089487901,27.48012047,1563.378192,0
14.838783348,5.18815e-05,1.583984417,38.563905979,29.579968188,1456.4364579,1
7.873239398,0.0001018907,1.6419700988,32.788656025,34.476491979,1524.7742232,0
18.743908205,7.70942e-05,1.5470178024,36.283144686,30.494243399,1469.7664365,1
5.3236253965,0.0001281658,1.5899494847,36.400927877,24.763361867,1561.3725023,0
8.6594575144,0.0001391431,1.6184047394,37.251484213,29.801213983,1528.5800853,0
14.7461882,0.000110341,1.4356083273,35.753174481,32.410304738,1460.6500092,1
10.554960881,0.0003803345,1.8539815223,37.997624839,29.613577048,1477.409088,1
10.949661805,-4.85731e-05,1.6487892353,36.755332019,30.690016494,1491.4888527,1
12.640121166,4.1191e-05,1.3045849581,36.224467286,29.136064512,1448.7485022,1
4.2916766505,0.000151308,1.7958972746,38.246095688,22.916721068,1547.1269064,0
8.6260878407,2.99522e-05,1.3699104053,34.259661449,27.575266581,1568.7516708,0
22.849745133,0.0001908035,1.1539926274,35.387146785,31.105877947,1479.1183945,1
9.3752013898,6.15788e-05,1.6753107412,35.517706146,29.773600104,1550.3621665,1
25.892328586,0.0001878977,1.3724567552,31.982684786,34.574764153,1473.973514,1
12.285321162,0.0003417823,1.3982155798,36.875582193,29.999082693,1435.1719228,1
13.189334648,-2.71214e-05,1.6780511977,37.301590187,31.496461107,1453.1986701,1
14.698486078,0.000408533,1.2964902252,35.335029547,33.875584234,1499.5177148,1
10.348447413,8.48369e-05,1.6639678997,33.621704657,33.170075774,1544.7082396,1
20.412634915,-7.60859e-05,1.5909115513,36.754379986,31.739090735,1464.2863447,1
12.803255689,4.86908e-05,2.1470534658,39.369579665,28.470569182,1418.9260694,1
8.1658511183,-2.5876e-05,1.3183102126,38.633089425,27.561377612,1570.9672624,0
13.065777984,9.64869e-05,1.9469378846,38.481971765,30.206453941,1457.9416373,1
8.4971773223,2.07691e-05,1.2324484795,36.524181329,29.116932965,1593.5735595,0
10.882278529,0.0002644143,2.1629672619,37.709628291,28.57869095,1533.1327158,1
3.4077472505,-4.00817e-05,1.5031887063,28.531617391,38.298575491,1533.1407552,0
9.9145411851,4.50337e-05,1.7358883026,37.611598296,29.398545771,1564.2342355,1
9.9131160693,-6.31026e-05,1.6128496483,37.572544405,29.068752888,1584.6532458,1
7.2163074266,4.7498e-05,1.5049288881,31.781785454,35.110530518,1478.7098079,0
13.912245002,6.60382e-05,1.8585545967,37.819387975,28.148554697,1577.4662743,1
2.8782885747,0.0001028107,2.2746170418,34.716291142,26.935570423,1555.0419819,0
11.31003633,-4.7293e-06,1.6704859012,39.931058879,27.247148369,1555.5707497,1
4.8969682016,9.9375e-06,1.830918684,35.125578393,27.642817578,1550.910505,0
14.837836301,0.0001771368,1.4614200553,34.808709827,32.507013135,1507.1596266,1
10.480887419,2.06082e-05,0.9655812238,39.42873422,25.347683041,1505.0504417,1
12.566954801,-3.40245e-05,1.9225473823,38.299658505,30.50359953,1498.8849079,1
5.9257576086,0.0002114609,1.5980846246,35.736453599,27.148563613,1571.601538,0
9.710873204,0.0002365233,1.0802427102,34.383240084,30.143001407,1595.3171622,1
4.8515487704,0.0001507789,2.3759200962,36.763049573,26.794289988,1586.2432845,0
5.9040377121,9.9539e-05,1.5853480559,33.075849336,28.268628228,1580.7295738,0
12.870953233,0.0002081873,1.4215675874,37.524739393,28.676238087,1529.5472423,1
5.8131480372,8.83935e-05,1.3663693233,34.965191021,28.405443672,1591.5953579,0
13.036790957,3.34291e-05,1.5672829518,31.787349352,36.169282655,1468.081558,1
16.867864945,-6.2176e-06,1.5517376539,35.191165261,31.044303715,1478.8852291,1
5.6612489316,-0.0001331324,1.3666469401,39.604263097,25.324149772,1535.1837529,0
9.3854186857,0.0003953503,1.7027877997,33.94181608,35.541214971,1499.9564039,1
14.099252204,0.0001493149,1.6421783138,30.574272464,36.269581803,1506.6833746,1
11.338128554,-5.80716e-05,1.5930814385,38.700236917,26.448381323,1486.0343313,1
3.3878053901,2.03702e-05,1.8151319087,36.403355557,29.595985951,1502.4325565,0
7.727881437,0.0001061192,1.5456168116,34.678083148,27.734306258,1561.4830694,0
2.6612291306,4.47962e-05,1.8778312661,38.225738897,24.19071097,1553.5291552,0
6.2874733594,-0.0001867337,1.8941406239,33.776191187,28.83044754,1586.3733264,0
20.937952331,0.0003008655,1.5154233978,34.125346844,34.385476224,1445.3804557,1
13.685254467,0.0003232373,1.9109430492,33.254455754,33.239354839,1560.5313647,1
9.1293929794,0.0001902937,2.1301974917,38.958752795,25.512169154,1550.9470182,1
13.110307057,-0.0002068094,1.0883091619,38.576576974,26.359470955,1439.5184193,1
10.751332602,7.20569e-05,1.4045157437,37.595426571,28.629293233,1547.2708714,1
3.1987175165,9.16965e-05,1.4332975745,31.399352033,27.420939689,1575.828631,0
6.4727242799,0.0001093989,1.3563856533,35.656801967,25.266130931,1542.5262125,0
6.2065072813,0.0001415761,1.4695804797,35.003950483,27.429440395,1558.4640885,0
7.4140885083,-0.0001934655,1.6873023473,36.479385492,31.231184262,1518.8131126,0
7.1519506369,-0.000284384,1.3469776084,35.909687749,26.44294437,1587.9963075,0
9.4957480753,3.33146e-05,1.6316596333,37.884613639,27.748319376,1528.8680371,1
5.1810844486,6.25047e-05,1.745383897,31.720929175,35.133903853,1477.8906047,0
18.948145632,0.0001730661,1.5142991803,35.922291876,31.007428625,1529.7894983,1
8.7089114077,-1.86439e-05,1.5588833133,37.687770318,26.195893627,1568.4145453,0
7.3269577053,1.89098e-05,1.669539777,38.934978199,27.947196557,1494.9183109,0
23.020124441,-0.0001588115,1.2282893992,34.936278858,33.563067813,1459.7404364,1
8.7640520138,0.0002173899,1.8637326941,36.179962113,31.739455868,1483.7680598,0
11.894291655,0.0003034669,1.7812520256,38.073680918,28.472803324,1506.6996432,1
4.0459499021,8.49793e-05,1.7916168468,35.396341241,25.861795442,1547.3468015,0
8.9648642781,0.0001752704,1.3034928145,37.46554475,27.49487463,1525.2125062,0
7.9411052246,0.0001024165,1.8775742808,37.292603393,28.184183052,1530.0541379,0
14.383803732,0.0001158644,1.4321149975,39.012682011,28.047402017,1487.8204119,1
9.5955390624,0.0001193406,2.1244657211,40.268594324,25.894235511,1552.647263,1
18.099129457,0.0004185786,1.5689409919,33.27999556,35.417168682,1448.5784365,1
9.6851274234,-4.61275e-05,1.2735392513,39.005272233,27.08315399,1540.3618497,1
11.868776289,5.7765e-06,1.9375684607,37.790767693,26.196868311,1516.1968462,1
17.55998945,0.0002896993,1.6019298396,34.060321128,34.025824422,1497.120726,1
10.232993318,2.7828e-06,1.7453890845,33.438213246,34.349912064,1490.2053828,1
11.597455318,-7.6717e-06,1.5920179998,39.919793812,27.637616663,1551.7202244,1
5.5877224015,6.32195e-05,1.6783118975,33.611014475,26.776767115,1560.126542,0
9.164029128,0.0001306016,1.5352409851,36.07414499,32.386383721,1460.9446974,1
11.692357845,-0.0003463088,1.0054322551,37.707594561,25.577868749,1550.034435,1
5.9239074372,0.0001580758,1.6122074124,36.051240189,27.339848436,1554.2899698,0
20.865294394,0.0006899165,1.7135804119,34.950426549,32.611244391,1445.0299931,1
14.777352618,-0.0004291099,1.3281188447,35.493664953,32.21948086,1477.5344944,1
12.853257661,0.0002327641,2.3826529199,32.663170616,34.056075025,1482.5356606,1
17.273538678,0.0001471298,2.5196849469,34.114037897,35.345032437,1449.5773637,1
2.5086480403,6.11868e-05,1.8714509626,34.625807765,27.554462736,1567.6212925,0
16.482026113,-0.0001896892,1.1104952672,37.49318528,29.257416706,1436.6092737,1
14.122797649,-0.0003112945,1.8509259797,35.438324366,28.953358885,1490.2943528,1
13.488406558,-4.37048e-05,1.6460913984,32.268295335,35.595885931,1464.5822498,1
8.4791499671,6.49503e-05,1.3802776924,39.902545042,24.070487932,1575.7096065,0
7.7990043469,0.0002536413,1.2597674143,35.208333437,30.648686329,1578.6611679,0
7.1644737679,-6.52799e-05,1.3594864504,36.521619919,25.813171162,1590.1612073,0
9.9429654966,-6.04849e-05,1.5834093815,39.239043937,27.74310941,1538.034618,1
11.620028641,8.41469e-05,1.648340534,38.786334979,27.483319986,1501.1570537,1
3.4504200138,0.0001458798,2.1530932702,34.739385471,28.250558778,1479.9203761,0
23.173619303,2.46593e-05,1.8711869635,35.7614125,33.241922027,1492.5042908,1
4.610969574,0.0001686463,1.5486942386,33.585869012,31.550132027,1530.3441459,0
7.1615066712,-9.55991e-05,1.6539533754,37.648470865,29.90460888,1513.5827041,0
8.4123911761,0.0002083288,1.8317285106,40.469861187,23.571732169,1547.2364115,0
12.002913222,-4.29066e-05,1.2229840238,36.884321171,29.113033005,1456.091869,1
9.3484540905,0.0001349415,1.302660989,37.418690841,31.837418402,1467.8691368,1
8.2388492158,5.42103e-05,1.4575831557,35.561846768,30.710969401,1561.038972,0
11.637937166,-0.0001057095,1.3110059653,37.330240728,28.619067366,1547.8072692,1
11.30213998,0.0001988193,1.8031920803,36.318851559,29.44466771,1559.2927377,1
16.871946111,-4.25011e-05,1.4362313582,34.866650818,31.86932564,1441.3664221,1
6.2813086022,5.42117e-05,1.0826660671,38.505626657,24.500934833,1572.576296,0
9.1669358605,-3.75881e-05,1.6904145894,39.400533173,26.670347336,1543.4912134,1
5.1061701047,-2.2621e-05,1.8730671301,36.790765633,29.756872654,1447.788462,0
9.7085220842,-0.000435439,1.0157013914,37.76309918,29.948337332,1476.7787793,1
5.2508150236,0.0001322193,1.844176917,31.524418225,30.299492412,1557.6610965,0
11.352820362,-0.0001137126,1.5290045027,32.001326728,35.967278056,1496.4796321,1
7.8369781461,0.0001402214,1.3097894354,39.812526404,25.758253017,1564.8856084,0
11.742707819,0.0001154318,1.5283030577,32.132677238,33.640296427,1437.6437291,1
5.795574014,4.71612e-05,1.4921970368,33.789823299,33.905672279,1501.5960285,0
7.1847212461,0.0001702984,2.0696015325,33.032993078,30.985336043,1557.2799536,0
9.6879915631,-5.18611e-05,1.5078369018,37.232396093,28.722179661,1513.1799424,1
4.6194956631,7.42055e-05,1.979893536,34.174396216,30.806641518,1564.7900127,0
11.224266312,0.0001481413,1.6855159941,36.494653925,30.143405428,1527.3912944,1
12.527590867,0.0002605676,1.7251412809,39.23699666,27.109512881,1466.4261842,1
7.7192620657,-5.72016e-05,1.2817147866,34.210487206,28.111133249,1602.5610421,0
12.487787217,-8.5105e-05,1.3494417092,36.257359728,29.265662321,1503.071036,1
14.250587922,0.0003293075,1.2316108243,42.587024445,24.109453315,1517.3921281,1
14.290720324,-0.0001517144,1.7665773434,37.448533714,29.074332906,1458.9620486,1
6.3069114624,-3.06022e-05,1.7023205444,38.346957201,28.829145486,1546.2858125,0
9.9677733191,3.6626e-06,1.6846176779,35.723588094,31.399510806,1544.0578308,1
3.8398134599,-7.16275e-05,1.2887997386,35.911585772,28.551511992,1611.2863669,0
7.8021535958,0.0003193601,2.0909548616,34.739589303,28.326667842,1583.1742258,0
17.106229442,0.0012238149,1.8459536519,30.715643602,37.788899797,1441.6235981,1
5.4859821051,1.28569e-05,1.6394747023,36.947123,27.972908301,1538.3077585,0
23.230593158,-0.0002874552,1.4254661744,34.36958786,33.545294821,1414.9612773,1
10.832063684,-7.0957e-06,1.6048846026,38.243351618,27.642204259,1530.2248643,1
7.157901454,-5.99834e-05,0.9910882857,38.895185109,26.675546228,1556.1297725,0
7.1062794824,4.42429e-05,1.5778656042,38.497702261,30.467846774,1518.1927462,0
2.4998814312,-1.40547e-05,1.3275683112,34.523930081,28.166977013,1611.5806649,0
7.6197682133,0.0004707788,1.8979598385,37.980688492,27.464166363,1458.9983521,0
6.6453287215,0.0001319999,1.3469179479,35.415198401,30.226887453,1520.0386999,0
6.9093812045,0.0002855035,2.0166146201,35.150728162,27.400751123,1601.9651052,0
17.672246462,6.41704e-05,1.8576725965,33.588558309,35.618283351,1444.8134273,1
9.2422620937,-9.38844e-05,1.3397338053,37.031119423,31.001516823,1482.0951277,1
8.5565705234,3.62869e-05,1.5824998488,36.691748139,29.322981514,1566.4804586,0
7.1446107541,-4.645e-06,1.776735949,36.254111765,27.108727659,1594.0088947,0
1.7653729917,-6.5466e-06,1.6498055303,35.624700966,28.337829514,1571.8717621,0
8.0349126682,0.0002484633,1.909414763,38.468187173,26.746421788,1603.5648503,0
10.004725903,0.0002862906,2.126091356,33.348130854,32.927281868,1471.8061727,1
18.391508233,9.07312e-05,1.5699176514,32.492375176,34.738115266,1487.6042247,1
8.4858945367,0.0003387045,1.4536437487,37.534285739,24.342613463,1565.3431795,0
7.9698632062,0.0001077715,1.577221745,37.440380267,26.343137086,1603.9339559,0
9.9741300809,0.0002124507,2.1380321929,38.413084404,27.390047524,1502.9968491,1
2.6493555825,6.90243e-05,1.7239024405,35.011080607,25.592977966,1555.2946598,0
12.586144682,-1.53048e-05,1.7075492585,32.768747053,35.901455464,1523.6314472,1
9.9669310315,-0.0002128814,1.4223988939,37.726305345,28.269693431,1513.8570331,1
12.151925478,-9.26742e-05,1.3995565913,35.837579097,33.179809629,1455.7892727,1
8.3383610427,-0.0001481317,1.4526839938,39.430938742,26.045682955,1537.4548142,0
9.9367438433,0.0002567226,1.5873844079,36.716040021,32.180897087,1483.4125193,1
12.685441497,4.32862e-05,1.8186649683,32.330973614,34.779782136,1469.1095977,1
9.0972769713,8.60973e-05,1.603213935,36.579860176,32.418997132,1465.557665,1
13.642485587,6.9863e-05,1.5918619603,39.185438904,28.981333033,1460.7414402,1
15.097110905,0.0001903218,1.775341525,37.231464891,30.613048317,1480.8011537,1
8.9346119085,9.40805e-05,1.466780055,36.407360018,31.515834486,1449.8626016,0
6.4914331227,7.47543e-05,1.5601255515,36.378132006,27.85616335,1569.4906067,0
5.5090620142,0.0001810561,1.6467261797,34.572407483,29.861191407,1485.9110029,0
6.8532838131,0.0003223434,2.2237278452,32.521899005,31.68600597,1556.4507274,0
8.1598687022,0.0002707976,1.394927941,35.582103262,32.95783957,1446.9594033,0
8.1294110911,4.17633e-05,1.4742173333,35.959963918,31.42355922,1559.7767709,0
7.4935520311,-0.0002218621,1.3017067641,36.680674426,28.366853614,1579.7187818,0
20.294747655,-9.3997e-05,1.4148488117,36.420214576,30.79476258,1471.1468784,1
6.9075676744,0.0001424925,1.4378509812,38.580092401,27.048958293,1530.0573132,0
9.8177013652,-0.0001442346,1.0727185365,37.370285299,29.158509086,1427.0890232,1
7.4587790411,0.0001858342,1.9344828599,38.68504344,27.661472259,1542.9512301,0
17.237209024,5.555e-06,1.2928399762,35.309958257,31.085485386,1539.0917375,1
11.654358874,-0.0001642603,1.4514326739,37.283785241,29.672458986,1545.1798869,1
5.7798053415,-0.0001306884,1.1747656929,37.297707531,25.432967221,1623.9441867,0
2.75575431,-6.59026e-05,1.8846824465,35.377204552,28.642208069,1600.61634,0
3.2367737503,7.44923e-05,1.6320147033,32.692116544,26.496929684,1571.4081578,0
9.6627661264,-3.14756e-05,1.3810437701,39.4199959,28.212122094,1502.2666722,1
5.5672843755,7.44397e-05,1.6569750074,34.247693067,27.143003214,1555.3112089,0
8.9540547411,3.30709e-05,1.9732588054,37.159025947,31.103972114,1472.8984267,0
8.4108820963,0.0001853017,1.5374025135,38.90893523,27.700166707,1458.1227793,0
14.272474501,0.0005400252,1.3431234605,32.657377886,35.459840746,1488.0058204,1
10.313368878,-0.0001395264,1.3548124586,38.76348435,27.745882482,1477.3393601,1
13.43407204,0.0001313448,1.746985071,36.276641193,31.764120305,1449.7095809,1
9.5455789754,-2.74409e-05,1.5628783028,38.757779021,27.23682473,1552.8245807,1
10.621580537,-1.60816e-05,1.4905649033,33.652216072,33.592249641,1480.4865643,1
11.734331155,-0.0001060918,1.5209583759,32.783517015,35.456411078,1472.1161476,1
9.9155227162,-1.38414e-05,1.5064391711,39.798648965,27.061048602,1574.5812521,1
6.1683023067,7.5559e-06,1.5228768789,38.061139511,23.708473455,1543.5613166,0
12.808975361,0.0002441033,1.7344846491,38.554251564,30.076847393,1524.1000653,1
12.316261576,0.0002160098,1.439629336,37.027038714,31.098228614,1464.2628575,1
5.9954381969,0.0002346658,1.5561466745,29.966719584,34.431447044,1452.1742761,0
4.7323514794,4.83299e-05,1.7802197968,35.422658219,24.428636307,1562.2276079,0
10.392006633,0.0003614021,1.4724666692,39.710464076,27.595033017,1514.9449499,1
6.3393809805,8.12876e-05,1.848959597,36.407550804,27.405046806,1585.4579129,0
10.603777169,-0.0002576856,1.4655625542,38.806297015,27.282455485,1573.0203759,1
13.972920149,-0.0001160599,1.4203253605,34.780122377,33.607344447,1516.3960031,1
8.4666023938,1.89643e-05,1.914683412,35.301091155,28.562115993,1590.4165125,0
8.6656156129,8.84268e-05,1.5150298452,42.434500594,25.758007962,1538.3836836,0
10.648781343,8.21365e-05,2.1247994496,38.16800037,25.606234688,1554.6113111,1
10.968682253,0.0006074883,1.2655904566,32.827036198,32.499122044,1588.1284844,1
22.211302428,0.000357186,2.4173105751,34.971905713,33.096283735,1487.5207807,1
3.6099518418,0.0002082718,2.0062983201,36.128916124,24.785861427,1559.0484306,0
13.157811055,0.0001357005,1.5574890595,37.127076336,29.609652896,1499.9529547,1
5.671699804,5.28875e-05,1.4695389128,38.607338805,28.209552354,1520.0758111,0
12.393170683,0.000433688,2.0053410693,37.737425053,26.948206329,1491.8356679,1
7.0112939345,0.0001551855,1.2105786114,35.774901167,25.490489573,1547.9306025,0
2.722544939,3.53348e-05,1.736205055,32.385551802,29.793980744,1506.3572396,0
10.767325236,0.0003616887,1.4627330548,37.718105238,28.787192131,1499.0893187,1
10.83444226,-2.5992e-05,1.625263161,33.183494807,33.729406613,1458.2830204,1
8.8217189306,0.0001452969,1.6474828653,39.819278657,24.927743236,1505.7208541,0
3.6103062815,7.15151e-05,1.5311683128,35.54970281,28.066102775,1591.3055957,0
10.087833096,6.42091e-05,1.713407749,38.7216032,29.802470663,1474.4273276,1
7.9626330023,0.0001339377,1.6292908686,34.531343996,31.611574016,1557.0660062,0
10.946558418,-0.0001154363,1.4210194594,38.996425155,28.49785166,1549.9972068,1
10.179475268,-7.1085e-06,0.928601309,35.838429611,31.993913279,1466.7608913,1
15.434274162,0.0001162359,1.7293714356,37.230632682,30.752734854,1477.7358348,1
11.699690379,0.0001967058,1.5144104852,36.414316078,31.364757321,1453.8342487,1
6.7074853795,2.43753e-05,1.2237676742,36.204694821,30.833229487,1489.6242409,0
12.523767096,-0.0002291065,1.3532110133,38.980128535,28.447138603,1477.7242108,1
11.320498997,9.77285e-05,1.6625278731,36.148105982,32.814881098,1452.009978,1
12.979782031,-4.36646e-05,1.5709216203,38.037241654,28.678308105,1484.3726153,1
7.586159453,0.0001124161,1.3423505443,39.168526966,25.835985805,1549.8805601,0
7.4743505361,0.0001131883,1.9340562459,33.17301426,32.145235834,1553.6894736,0
10.909388034,0.0002515698,1.6998548998,35.74181811,30.094377781,1492.3724157,1
9.5398730319,-0.0001027454,1.5288149585,32.582588712,32.447627734,1562.1592068,1
8.4954799271,4.51116e-05,1.8665388055,36.796516405,29.596762569,1548.4238143,0
26.283234823,0.0006335898,1.0816655197,32.456195407,36.3418511,1457.0556071,1
6.6911601969,6.31229e-05,1.6231918664,36.075002554,27.222039352,1565.6860235,0
19.865354685,-7.62135e-05,1.3475858884,35.716018293,31.357722126,1466.7154001,1
10.34556206,0.0001187266,1.7252634663,35.838433103,32.451852022,1439.2728941,1
5.5462948504,1.61392e-05,1.511741144,35.152065252,28.59758623,1567.3434404,0
3.259363869,9.50254e-05,1.3734990017,34.564180922,28.44364238,1544.4806673,0
5.4319426895,0.000193114,1.9032072068,38.491397633,25.589583761,1604.5957749,0
18.931930431,0.0004804461,1.5246431584,33.45781422,32.376595959,1495.1667753,1
8.0175432598,2.03594e-05,1.5502096924,36.589745022,28.583441294,1568.7199255,0
14.384062424,4.2888e-05,1.4934868151,36.845255209,30.332611106,1536.4970645,1
14.644256445,0.0003311409,1.6031384422,32.759876228,35.335037538,1445.1981149,1
3.7447229512,0.0001426398,1.6308225593,34.756894978,26.726432914,1599.9729933,0
10.156138309,1.32244e-05,1.7729167035,38.383491203,27.983669105,1477.6218709,1
9.4992486829,5.63712e-05,1.3803262074,31.284493931,34.509664031,1488.6321982,1
8.8790242569,1.8042e-05,1.4492259452,36.045275642,26.569784962,1602.493169,0
7.404448055,3.9553e-05,1.4534854683,35.681893577,32.717517891,1517.064314,0
19.986262967,0.0005403114,1.52955441,35.725664056,32.442632596,1448.5351301,1
11.144076099,-0.0002774737,1.0679808295,37.777174878,28.753673982,1482.8429853,1
4.2027457095,8.73919e-05,1.4791047157,33.40753961,30.044513167,1562.2182745,0
10.388921314,3.79625e-05,1.363129883,38.287191481,29.461874624,1564.5117077,1
6.7966478971,0.0001253008,1.3929250337,38.343269406,25.308408824,1558.2056468,0
12.259419869,0.00029704,1.9700408789,37.950504111,30.257583727,1462.8287672,1
12.524907655,-0.0002557955,1.4877384748,35.483312358,33.490973582,1454.5658263,1
4.1829139713,0.0002034535,1.9980227039,32.10841464,28.614517559,1544.248275,0
11.851292091,0.000108976,1.6646643195,33.123605921,35.894688294,1478.4849217,1
8.5020767107,5.01077e-05,1.1036033188,37.155990353,29.534900457,1564.8006542,0
14.205532757,0.0003058629,1.6723688364,38.670155574,29.481423119,1557.3081575,1
9.7807953016,0.00019111,2.1305510149,37.320197132,29.193289253,1502.3127972,1
5.3915951223,0.0001262152,1.7654357966,38.080029878,25.006978777,1550.5138636,0
3.8575950861,9.20079e-05,2.2909378263,38.674558613,24.892394599,1605.7350464,0
12.670218771,-0.0001060878,2.0579888012,35.814092624,30.477339877,1515.2094657,1
11.103503727,0.0002010962,1.7449981142,34.89793233,31.637625406,1522.7077913,1
17.503598244,0.0011539238,2.1080094664,32.49423139,36.463197943,1458.5595225,1
9.7418921758,-9.73575e-05,1.5422625131,39.407777274,26.489407835,1550.0517906,1
15.157855371,0.0003395444,1.4797302495,38.139386894,29.353615633,1478.7962435,1
11.692727504,0.0001303818,1.6182503438,36.121720583,31.025355889,1488.260887,1
7.0735848606,3.01496e-05,1.706266307,36.147865437,26.986080265,1590.7169867,0
9.7549957773,-0.0001819539,1.616721103,35.020343559,33.702427353,1502.1710118,1
9.2433345064,0.0004212148,1.4998203765,36.95522783,30.18384958,1493.1748628,1
2.853617939,0.000181931,1.718697134,36.239460063,26.889589063,1571.0118043,0
9.4894166172,0.0001319947,1.2448663516,39.146567936,24.955699148,1566.6387323,1
14.492859755,-0.0003933156,1.0491538432,36.147646206,29.818323223,1531.6541067,1
17.868323745,-0.0001611428,1.3192612914,34.881710422,34.301427311,1516.8843614,1
4.2505242591,4.07761e-05,1.431997641,34.908433463,30.732165866,1534.3449673,0
4.365026526,5.54785e-05,1.6365521411,32.285081656,27.76826102,1548.9888538,0
6.0738947399,0.000336435,1.704601085,36.220428088,30.89201894,1552.5382641,0
10.203295401,0.0001835953,0.9335078076,37.215222622,29.549219689,1500.5542239,1
13.77470787,0.0012994195,1.9803122268,38.475469375,26.878291411,1544.5562157,1
14.070670116,-0.0002096542,1.5061974186,37.498043911,29.149662159,1397.4174405,1
3.8286907509,6.89562e-05,1.5447609518,36.764953405,23.190053328,1561.867271,0
3.8940119961,2.04795e-05,1.7893951454,32.38776823,32.589066104,1556.9840568,0
6.4040064999,1.59871e-05,1.1274775225,34.348068097,29.239841122,1616.7640208,0
8.9620194116,0.0002074543,2.5952350751,34.883473994,34.236017604,1466.5033288,0
8.758822968,6.9392e-05,2.0283716125,36.571401076,26.726084916,1542.0578557,0
4.4838653862,0.0002237728,2.3388711691,33.141406693,34.615329987,1425.4732656,0
15.187067012,-0.0002552582,1.4525505314,37.983947082,27.286057349,1554.689054,1
8.9931181443,7.50807e-05,1.8349926407,36.566128297,30.007786494,1577.349502,0
5.2068865867,-4.9384e-06,1.7606415131,40.141269958,27.863353524,1559.3629401,0
12.004693127,4.4441e-05,1.9781604457,32.504588449,36.100162371,1463.7647727,1
15.314582305,0.0001601987,1.3212919557,34.974830411,32.952156553,1496.396734,1
12.907932126,0.0003397544,2.0729560237,37.891632924,28.946581529,1473.0995034,1
9.0077988401,-0.0001139836,1.8744487099,37.067624313,29.277601684,1540.4232194,0
14.801446996,0.0001561461,1.6231689217,36.73847203,27.899881997,1521.554401,1
6.9893811973,0.0001252286,1.2802415967,35.922803251,27.948973004,1594.7449345,0
8.5096344188,5.24025e-05,1.739507146,32.883968286,33.270973825,1529.7975207,0
6.5315509159,-0.0001148307,1.9437877076,32.193485667,35.13217881,1440.6059219,0
6.4283057317,7.74334e-05,1.4861702829,34.663262454,28.013209265,1568.4883959,0
7.0618929377,2.85221e-05,1.7562535999,35.123315233,24.341882736,1548.2083524,0
4.3252563131,6.0219e-05,1.6625993097,33.50023669,26.070508891,1562.9338194,0
6.8594872727,0.0001816228,1.7049984721,32.01935374,31.461641431,1558.5421201,0
21.458919139,0.0011026447,1.7867055675,34.757153834,31.706102371,1490.6671156,1
12.485020519,0.0002047369,1.9201393199,36.196021109,31.485874377,1470.6481878,1
12.11127279,0.000114598,1.4883575621,35.204222947,30.704982617,1502.8275868,1
7.8277108029,0.0001610431,1.2644881413,32.423657208,34.83246233,1527.1718599,0
13.031843929,-8.17312e-05,1.7854569299,34.743558722,33.258214291,1435.7757213,1
14.20063611,-0.0001804734,1.5046287349,37.478002017,27.816191595,1465.8538833,1
10.306722385,0.0003641703,1.5751746801,31.305218417,36.728322389,1487.1213685,1
6.0521952366,8.23812e-05,1.5302305354,33.354052074,30.176425651,1602.990267,0
10.562554515,0.0001734093,1.2502294164,33.073373466,34.03744539,1481.8216777,1
6.8986138099,5.37874e-05,1.7238663631,36.495498113,25.900554073,1571.9817636,0
5.8719625131,9.86098e-05,1.6500673622,36.392710114,29.672879932,1561.8020321,0
10.098283366,-9.54374e-05,1.3970242897,37.872525862,30.388403046,1542.6335202,1
12.67835355,0.0002235899,1.6881665837,36.325771474,30.934210009,1475.2209245,1
4.2281049054,2.87311e-05,1.6481296895,34.673065876,27.185964748,1567.2209365,0
15.237749957,0.000188534,1.5825703454,38.042756479,29.256066705,1459.2782879,1
11.5154302,0.0003012438,1.7947933171,37.49215929,28.958164465,1502.0306334,1
9.74815515,3.0255e-06,1.5780551339,36.242750827,28.246235069,1479.3903151,1
10.640115466,-0.0001404257,1.6497262181,38.450928012,27.683218616,1532.5179107,1
15.040215353,0.0002708125,1.6135905923,35.512928441,32.478673276,1429.2996644,1
5.3712131551,9.63014e-05,1.6355444299,33.434104701,31.655335202,1486.1504812,0
3.7507961439,-2.21136e-05,1.6814995586,37.17552984,25.438635498,1576.062136,0
5.7264753307,-2.2749e-06,1.6046045456,33.476571939,30.915553048,1588.4636428,0
3.1084275042,6.95795e-05,1.973836116,37.426495483,26.196354829,1586.6838018,0
17.207009775,0.0001689813,1.7616843992,35.589957746,29.090238798,1521.4859141,1
10.041793041,0.0001197937,1.5195885877,34.439380036,33.889371747,1518.9639979,1
9.3641192086,0.0001674583,1.9259761968,38.104392789,28.725239268,1506.2621168,1
6.0818977589,0.0002083194,1.4544499886,35.418488269,25.593070936,1584.0387069,0
12.182281208,-5.72733e-05,1.6569699287,38.840355081,27.791512372,1475.6230455,1
20.762846448,0.0003371834,1.9859263343,34.131359261,32.303817057,1510.8980284,1
16.396706766,-0.00013917,1.3364398355,35.269736054,31.463819129,1493.6588728,1
15.770029787,1.22247e-05,1.6607091804,35.67576913,31.119781246,1434.5979911,1
8.9204184335,3.63774e-05,1.5305706052,40.631648534,26.031613989,1519.5462287,0
16.088010197,0.0003435055,1.620433257,37.785052758,28.581082389,1451.1821885,1
8.4273787104,0.0001889144,1.50632731,39.192888393,25.63594874,1563.5112197,0
6.980911122,0.0001485142,1.9401940559,38.638440862,26.815707743,1550.2767043,0
7.045428292,0.0001223455,1.9382747765,31.05923592,31.853750147,1563.0166016,0
6.1056913862,5.3574e-05,1.6132324994,34.951648044,29.432909173,1560.9349755,0
8.8220483766,-1.19767e-05,1.4286947968,35.776979394,30.556400429,1531.143805,0
19.464930374,0.0003075839,1.601694735,35.27026804,33.134543978,1455.7167946,1
11.631557516,6.24608e-05,1.6247487615,31.893337812,37.12983986,1470.339125,1
8.9897008551,-0.0001027537,1.5740603374,34.415124284,33.741171879,1455.1189102,0
14.851843588,-8.6338e-06,1.5462402339,34.378051837,31.793526882,1506.0723441,1
2.1917159997,1.89137e-05,2.6342947155,29.859290608,33.372974674,1460.0073405,0
15.416068088,0.0002245315,1.6141991516,36.25231187,30.933088535,1453.4712664,1
2.6645196834,4.62752e-05,1.648868693,29.370678055,33.50130099,1495.0482158,0
3.8903928498,0.0001439715,1.4350540266,34.841235739,25.098081723,1543.9541871,0
4.6505688257,0.0001401932,2.1757663512,37.862261985,28.429109868,1471.6860226,0
7.0615761701,3.15585e-05,1.6836398137,31.640075278,34.792197269,1565.9589057,0
17.58832927,0.0002192305,1.0658626853,37.534984691,30.286412761,1491.6130978,1
14.495080958,-0.0001512453,1.3302216953,36.280652533,29.918687568,1451.2658016,1
15.445825049,-8.68005e-05,1.6782646191,34.089184042,32.164561502,1498.6752177,1
19.250661695,-0.0003222969,1.2645748537,33.401157505,33.112323786,1425.7998851,1
1.7656965892,5.29621e-05,1.7431865587,32.166114291,31.041029682,1510.3538803,0
14.060060231,-0.0001666806,1.5069748279,38.524246109,30.147901462,1417.5495907,1
3.6680984672,-3.13777e-05,1.3825037943,35.153908866,28.195830156,1506.1683936,0
15.215103788,8.76805e-05,1.5651547881,36.396323257,30.325146462,1440.4550184,1
6.6308465814,0.0001581527,1.490735801,38.922932911,28.319257943,1480.6210204,0
9.9458298509,0.0001723124,1.619514296,37.931759049,27.458729253,1449.6813987,1
9.9340506206,1.281e-06,1.3566319657,39.779772079,29.471392985,1475.3401456,1
13.583692945,0.0008375232,1.4865536983,33.157070603,35.047464659,1447.4084267,1
1.9199992724,2.55377e-05,1.2054002696,35.874275785,30.41538254,1575.4649767,0
8.6243062747,0.0003195449,2.082856989,34.787128271,30.1989306,1471.0182357,0
20.564761304,-9.28326e-05,1.3900232364,34.992283049,31.990757405,1466.2810247,1
8.5878882929,-3.66077e-05,1.6508965781,36.061477217,28.37407013,1595.012264,0
13.638996567,0.0002129921,2.4395894428,38.804259428,27.955099458,1514.0986902,1
5.1155503173,0.0004073512,1.9402977463,31.680012578,27.685645032,1560.0803875,0
8.6252661809,-3.8195e-05,1.738046758,39.264029285,25.445867584,1523.1800532,0
15.586763251,0.0002566104,1.6482550192,41.611779336,25.864331474,1490.1740591,1
12.070116944,-3.62985e-05,1.3746113519,36.366983926,31.946253583,1463.9989029,1
8.372326668,-0.0001438525,1.815688877,38.287564821,28.401912743,1546.1449737,0
1.9779846984,4.1763e-06,1.6768946849,33.894594212,29.283758905,1533.4927639,0
21.039731503,0.0001151606,1.3151143954,36.18028683,33.457521314,1444.7500829,1
7.963223953,1.27006e-05,1.614350787,38.320610485,27.826061329,1483.1878049,0
13.575312907,8.69635e-05,1.1806282142,38.322581065,27.131212773,1506.3016658,1
4.3565381085,0.0001993392,1.6366097405,35.642467949,29.037018127,1568.1174927,0
5.6578961398,3.9945e-06,1.1381128123,36.609753006,26.747310945,1585.0653634,0
21.134781776,-8.29045e-05,1.541761995,36.79086864,30.702750704,1437.0659108,1
25.65505673,0.0005228251,1.5320373886,36.996469837,31.380695438,1504.253174,1
12.251167336,-9.78663e-05,1.4067179304,37.273641728,31.209753383,1426.9806142,1
5.8301866626,-9.44002e-05,1.594524832,36.198898141,26.766991396,1600.3351761,0
9.3894081455,0.0001548083,1.6511979374,38.037359855,28.293544842,1517.0031302,1
12.981567008,4.5598e-06,1.5677403113,40.797459633,26.784483198,1537.5466925,1
7.2840874189,0.0001468173,1.5333975817,36.159689882,29.425657291,1509.1625506,0
14.951132275,-4.53366e-05,1.3436804636,35.17378516,30.74721536,1437.4944611,1
5.4085887654,3.8756e-06,1.0938703523,34.460712821,26.994693562,1615.9499148,0
10.579407534,0.0002364086,1.4619324284,37.962423639,27.53023776,1561.6037799,1
7.3415365247,-3.81259e-05,1.1975200464,41.626741218,26.151773733,1579.1831036,0
21.122560934,0.0009510723,2.1131945361,33.15790052,34.251324254,1442.5460235,1
9.4582312705,0.0002891206,1.5327414083,37.935771131,28.864233163,1529.7505806,1
8.6274623701,0.0002185649,1.7441731541,34.626991239,32.836019952,1501.8466731,0
11.633082132,0.0002013518,1.9216666442,38.995322766,28.652961498,1496.5275067,1
16.167737308,0.0002608696,1.5291259578,37.423240698,28.524995318,1501.8712342,1
5.7846320659,0.0001597905,1.6448279614,35.402314325,23.264628116,1582.0238332,0
10.072033884,0.000120693,1.854667652,38.519069713,29.666144167,1554.4660614,1
5.2582227085,8.45058e-05,1.7505505119,35.068828453,26.482521601,1575.8257839,0
12.896395673,3.74899e-05,2.3429302341,34.726283371,34.387732742,1456.5480977,1
8.426802922,5.50383e-05,1.9606105986,34.572847498,26.455743998,1587.5837451,0
10.451438098,7.50788e-05,1.5561832801,35.654949125,32.997537547,1521.9802051,1
13.696169374,-0.0001979051,1.5933744343,34.370983062,34.578866177,1513.7729622,1
10.516423074,0.0001795887,1.7056765315,38.219406102,25.466664966,1547.2989215,1
14.409974372,0.0001617973,1.6328558831,32.708763094,32.764888835,1487.4681231,1
4.303476414,5.45259e-05,1.6110591702,38.366208583,24.889705969,1587.4761016,0
14.663157232,-0.0002497187,1.1705548264,37.311169828,29.835564621,1413.154276,1
4.6165623788,0.000144539,1.2656030451,35.410845547,26.552258282,1571.8717441,0
9.2007224899,0.0003119294,1.686694843,36.903077813,29.971033257,1473.0406338,1
12.279863408,0.000165173,1.3377947636,41.888723744,25.740300944,1544.9281746,1
6.8437590265,3.208e-06,1.5375072002,33.481677745,29.495659564,1564.6334165,0
12.149855725,0.0004851684,1.5711760801,35.374248178,29.621648443,1476.6256107,1
7.6974143056,-4.34617e-05,1.6186828044,40.452706448,26.088214839,1544.7916793,0
10.608081287,-0.000329337,1.5197907112,37.453205227,28.27280687,1479.3785859,1
7.3630620345,0.0001508885,1.6957876474,36.237396768,26.507926174,1582.9257922,0
14.241919471,0.000106722,1.5498668222,37.129118948,28.263424201,1491.823448,1
11.006710165,0.0001696652,1.5137347581,39.572965593,27.829198715,1538.8326954,1
9.9710992768,3.96797e-05,1.4806900254,38.359811783,26.467452392,1559.7328875,1
1.7193493388,7.00337e-05,1.7046553013,36.340968573,27.446297746,1537.1451523,0
10.176307685,1.40484e-05,1.2857764025,34.524932425,30.766721842,1597.590121,1
11.623240196,7.56355e-05,1.3123945456,38.234933971,27.885813753,1499.3657087,1
11.288091254,0.0003940989,1.6996662811,37.053248598,28.465747266,1476.6827636,1
6.7601485042,6.31604e-05,1.5029765144,38.510147189,27.579713591,1565.6707749,0
8.9159289711,0.0001314932,1.5736511776,36.937912848,28.733886441,1522.5153715,0
13.152173955,0.0002124688,1.9438021393,37.696282158,30.26775121,1484.2643938,1
5.7930092833,-5.86273e-05,1.4342677143,35.783942932,27.102610479,1590.0670372,0
4.3933360852,0.0001895474,1.491179584,34.413113826,28.5255515,1497.6553534,0
2.4898028785,4.35092e-05,1.8337911507,36.980229189,29.104362372,1542.2340302,0
5.424128264,-0.0001044123,1.0540534206,35.208897563,23.621994241,1552.4269003,0
11.34500261,-3.55411e-05,1.432769255,37.507009914,29.448720388,1524.6835869,1
7.1805677304,5.42588e-05,1.8641609021,37.316137207,27.002976038,1542.3479647,0
5.9474527374,-1.92402e-05,1.4441213555,35.434074982,26.858309653,1599.3345132,0
10.771482441,-0.0001188364,0.96821799,39.760562663,26.016402344,1460.7871566,1
5.9811584446,-7.8036e-06,1.5032342758,34.107963871,29.581328531,1599.3225174,0
11.756836487,0.0001688802,1.4826561753,34.980543353,32.796827007,1469.2740215,1
12.54082033,-0.0001229722,1.4810873685,30.718102258,37.001489739,1425.2489624,1
6.3910382678,0.0001663313,1.7824883664,30.879051634,31.411968917,1477.3229938,0
10.084253901,-4.41708e-05,1.5472618423,39.992182561,28.645487765,1546.4492915,1
5.7763621764,-0.0001255218,1.8977260769,38.510063804,29.236941975,1518.8097328,0
8.1291467299,-6.23327e-05,1.3517030007,37.711643053,29.746697993,1605.2011032,0
8.6965410856,0.0001034417,1.8047771299,37.83515427,27.570912353,1499.4341211,0
17.603526694,-0.0004847448,1.632128428,33.433548567,33.248997647,1510.5697026,1
6.9142218136,-0.0001088018,1.3797803081,34.258856824,31.943800881,1549.8200174,0
10.603847386,4.39327e-05,1.4227318366,37.510359651,29.016345811,1559.5166348,1
5.9087242143,-4.0811e-05,1.5329470009,37.097144103,24.495633589,1576.3912423,0
16.032400848,0.0003828255,1.4535606324,37.09939654,29.827161142,1441.8072417,1
13.963522069,0.0003607839,1.8502880729,35.570912766,30.495644606,1473.2460825,1
4.2795557627,2.19626e-05,1.6453027223,34.683154267,26.135993061,1549.1393925,0
14.59494701,0.0003287778,1.5550872083,38.782635764,29.918590184,1462.4177679,1
12.919469539,-3.71607e-05,1.5247311022,35.036999749,33.482134265,1474.6581128,1
12.942594353,0.0002009828,1.5257503047,37.574512672,29.871570112,1403.2758289,1
10.750326397,0.0004290814,1.9057347675,32.07230999,29.424955641,1539.4770989,1
5.6392164691,0.0002655224,1.8496581635,35.175938134,27.470905234,1565.7648002,0
3.69523299,-0.0001119232,2.3392008074,30.602841068,34.116423649,1485.5843843,0
7.4626819308,9.8966e-05,1.4116674371,37.316995055,30.675936876,1486.4879661,0
6.1466361021,1.27018e-05,1.7690076415,37.936181175,25.226417319,1580.7190356,0
9.7799309872,-0.0001783202,1.2966707836,36.504585403,28.845016377,1544.082285,1
18.336883318,0.0001034832,1.0666980915,34.02353477,33.798299379,1437.5295003,1
4.4147740357,0.0002781613,1.4308290055,36.461920938,27.830085046,1555.3308975,0
4.1347123071,0.000123944,1.8428905848,34.444818096,32.367377786,1534.3402999,0
8.6683141304,-0.0001967792,1.5203108476,40.060170619,25.884796036,1556.9252588,0
9.9133005546,0.0001856959,1.494004291,37.010813246,30.848486282,1486.876032,1
7.7904730351,2.60224e-05,1.5291793091,31.873137243,35.234836511,1472.2243595,0
15.441808833,-5.74326e-05,1.4120540523,34.608027589,33.581945617,1470.8439784,1
9.3139240636,0.0003688495,0.9278064027,32.161173938,38.93980107,1476.7300147,1
9.368353028,5.7437e-06,1.6453409399,37.403059538,32.231338081,1451.0095535,1
24.087339868,-2.225e-06,2.8664664528,35.876870316,31.480125971,1417.6104266,1
28.206019011,0.0001325605,1.3307448731,33.216299287,33.673521551,1456.2600784,1
5.8564093938,-7.5649e-05,1.0655552443,35.402814746,25.94758693,1594.2951717,0
13.235591394,-0.0001324212,1.6630021184,33.780608468,31.547368242,1523.438482,1
13.999372089,0.0003686693,1.5791027362,38.310738195,31.336278368,1469.931191,1
14.996030576,-3.08699e-05,1.144362052,36.599882403,30.545265497,1506.3789336,1
16.764263056,8.4467e-05,1.6898385677,36.241734662,30.318882317,1439.1516394,1
4.704359225,7.71672e-05,1.9301827216,35.124490108,31.675132232,1529.6597005,0
7.9120269369,2.68724e-05,1.8406693378,35.410262784,26.916143703,1558.5610194,0
19.785531766,-0.0001269317,1.3117098569,33.842930891,33.026199854,1470.1188653,1
9.5329790769,0.0002190357,1.9479276192,37.523023759,26.85719657,1594.3330389,1
7.6869218051,-3.4931e-06,1.5672417975,33.987527117,32.624304044,1548.3070811,0
9.1487606682,2.45077e-05,1.5733330094,35.904006905,32.020179488,1499.5769416,1
7.0572079854,6.40142e-05,1.416875854,31.678521731,31.633982499,1595.4875599,0
4.5212155744,0.0001090728,1.9120551964,31.285404008,32.587190865,1536.6542526,0
11.423206009,5.29974e-05,1.6436721898,38.113941842,29.282487041,1462.2283522,1
7.8916682769,0.0002640488,2.5092618452,35.756590522,32.432824347,1471.0790306,0
7.4689718725,-0.0002017001,1.4879722872,36.658332036,28.940453166,1558.2495855,0
6.0237167703,5.4687e-05,1.1971583048,34.801381994,25.664934129,1586.9693577,0
4.3001205765,0.0001381261,1.3950654965,34.953900647,26.512803375,1584.1082591,0
18.21755622,0.0001311485,2.1021756675,35.730071437,31.503853171,1466.2284914,1
13.225580412,0.0002569319,1.9598478181,32.720772952,35.94196171,1509.1024236,1
9.0050237884,0.0001121241,1.7338591077,39.922405353,29.936660909,1482.3760615,0
9.110694504,-3.54551e-05,1.6916751089,36.902259754,27.728834729,1603.2163573,1
4.1436407116,5.1769e-05,1.5106764063,37.147583583,24.76550699,1586.1074356,0
9.5890272438,0.0003706069,1.8187476805,36.509944695,31.841217131,1541.871626,1
7.2524993664,-4.61848e-05,1.1862607732,38.561601813,24.136932812,1591.5802107,0
7.4742562,2.95906e-05,1.8271474029,33.828086862,30.669723592,1532.2910209,0
8.0849407386,3.60705e-05,1.4635686836,36.030098113,30.615826604,1552.1644815,0
8.9331095483,4.20791e-05,1.6380849849,36.261351294,30.184534588,1586.582285,0
8.4949317705,-0.0001663158,1.7195138135,37.39246448,26.972107733,1568.7890676,0
8.9102373423,-2.13415e-05,1.8390818758,38.834286816,25.728949873,1573.6480962,0
7.8160732211,-2.95205e-05,1.5365106894,38.52297318,30.609752841,1510.9432699,0
14.220816051,-6.66159e-05,1.6819384738,38.646108561,27.668253957,1471.6555959,1
2.0580180436,-3.2839e-05,2.002611712,34.618502813,27.94787737,1541.1224126,0
5.3187820997,7.2293e-05,1.4789688361,35.005868951,25.999642015,1594.8437875,0
7.7745177672,6.62333e-05,1.846632519,43.069492228,25.703332071,1486.0257999,0
7.8003082455,5.52374e-05,1.4999588823,35.120401162,29.274132083,1526.3215728,0
14.808459262,8.82766e-05,1.5264254763,35.936216289,31.543254152,1505.4857404,1
7.4917321025,7.18453e-05,1.7165948461,39.196742233,25.99092727,1510.8824073,0
10.822801597,8.48297e-05,1.6183812945,39.516632225,26.406306696,1468.7091707,1
8.1425615779,8.53013e-05,1.8665600183,36.674188751,29.763715066,1512.9559997,0
6.5611188311,0.0002295425,1.8538819435,37.40642502,25.920178135,1528.3542674,0
14.075096182,0.0002407351,1.2226582047,36.299794973,32.620351486,1481.9779962,1
11.232376787,0.0004263522,2.0464327066,33.235098258,34.180944185,1474.6073714,1
4.0977201232,-0.0001411081,1.7019628293,35.055549563,31.918517525,1558.4507235,0
8.1130539639,8.2141e-05,1.7607347931,40.184100399,24.40380824,1566.5707445,0
11.007809768,-0.0002892674,1.2108110282,36.039627732,28.200512452,1482.0635574,1
17.657114348,-0.0002145959,1.1924881581,34.871478578,33.520036322,1506.4604503,1
9.3673732191,0.0004665321,1.4553715612,35.606230169,30.917767135,1487.0191148,1
10.523197566,6.09592e-05,1.963766378,38.860839014,30.123981136,1454.5691386,1
13.905342057,0.0003199087,1.6866559195,35.526389814,31.582215174,1451.9937297,1
11.180438787,0.0001606196,1.8961334404,38.360119722,30.047550964,1455.7718087,1
13.897602593,0.0001535817,1.3734666334,37.884091539,29.312424058,1516.6634085,1
3.1324351455,8.6517e-05,1.7034589872,32.463659398,31.887402128,1552.8940817,0
11.358070511,0.0002305955,1.7518304455,37.392391927,28.793253941,1491.1050904,1
10.51837905,-6.63528e-05,1.4661865638,36.39781054,32.318155944,1410.1774324,1
8.0895051496,0.0001427725,1.4194664506,32.914130628,32.347696203,1565.2799387,0
6.2268088352,0.0001001796,1.7555160303,34.442517046,28.375823621,1534.4497571,0
3.9330144238,8.17223e-05,1.4627750803,36.252531342,23.737990417,1584.9165641,0
4.8198921405,4.91035e-05,1.6537013491,30.260260678,35.142151875,1480.3783283,0
7.8330031637,1.97674e-05,1.6086541954,32.439106052,36.577121894,1468.6623921,0
9.2248178876,-3.73673e-05,1.7811884894,36.625502172,32.116418826,1441.506705,1
8.5836876944,0.0002069965,1.6968700858,39.47498357,27.548304961,1576.8847298,0
9.7600610481,0.0001178499,1.3228181915,39.48082476,29.44218702,1471.4788822,1
10.417175814,0.0001473952,2.0369742762,35.997411522,28.858799673,1489.0147576,1
5.0839542229,6.01436e-05,1.5850874963,32.177576553,33.800624498,1582.8447935,0
4.4922542116,0.0001997301,1.3350565647,35.478245898,26.226348706,1567.1451763,0
9.3531076106,2.65626e-05,1.2984599687,37.282952493,29.476142103,1558.6104653,1
11.960239685,9.33243e-05,1.1403147696,38.17068831,28.641904432,1454.7717267,1
9.3362245689,-0.000280211,1.6167016801,36.968324201,31.802049186,1476.7013087,1
4.6041486142,5.36352e-05,1.4390609912,32.293308479,32.711962177,1601.0394812,0
3.3722278748,2.90588e-05,2.2188691624,37.249383306,26.549799429,1557.2721987,0
8.8169869709,0.0002929041,1.3058735757,35.785827498,31.135050428,1508.789954,0
10.53466616,-5.1771e-06,1.6007134782,35.332467894,32.11208103,1510.5378743,1
12.195000062,0.0002061411,1.9014452691,37.632080441,28.257535878,1529.9240869,1
8.7075147406,-3.8928e-06,1.9607882796,32.106311745,36.875996302,1486.5513504,0
4.7288381152,0.0001718997,1.541368134,30.574277921,34.917816162,1548.7509071,0
5.088640281,0.0001401809,1.9206179762,35.054863786,27.070278173,1582.8697894,0
22.197919732,0.0002261951,1.4866418913,34.155599343,32.211571162,1440.5845677,1
14.882404842,0.000265701,1.3829669936,36.273239323,29.237393732,1444.0183099,1
8.9541237673,-0.0004419204,1.3521951421,35.745421912,31.372979626,1547.229483,0
10.515505256,-2.6396e-06,1.4480944673,35.554829553,30.270663225,1554.4724882,1
9.9485658412,0.0001081454,1.6073197552,37.524164838,27.556470819,1499.3047049,1
11.384208437,9.07784e-05,1.2554770407,36.650967781,31.522685033,1471.6212935,1
7.756663916,-3.74502e-05,1.4957317395,32.19274358,36.083079017,1478.3845149,0
6.19850227,-6.82413e-05,1.3942593098,35.652558317,27.306902864,1607.3730798,0
20.035979249,-0.0005480152,1.2564380231,32.075208458,33.228736436,1455.9742746,1
12.705512133,2.58677e-05,1.291022385,37.686099996,28.580262661,1543.4908539,1
9.791355795,0.0003028159,1.5767527073,35.343005751,31.876420275,1508.5276281,1
7.4883597155,-9.07614e-05,1.6616107152,35.541295755,33.201310849,1487.764246,0
7.0539925991,0.0003269445,1.6122264931,36.517723646,27.034718428,1470.2898249,0
10.722281493,2.66745e-05,1.5947789437,39.974085386,27.4877761,1542.0323571,1
11.232962542,0.0001913343,1.585350231,35.325263696,29.081241631,1571.3560018,1
9.7211101948,-0.0001519469,1.2716761755,38.196251267,27.887175696,1589.6090555,1
7.7014904194,-3.55384e-05,1.1852789045,33.552808253,28.968391847,1569.1361219,0
11.780543589,-0.0001124185,0.8427072772,37.129492724,30.033567112,1510.2898814,1
7.9627242463,-0.0001094799,1.7511968163,32.77336937,33.664923946,1503.90324,0
8.4344310034,0.0002764685,1.8252608381,34.784176836,28.978267519,1586.8102269,0
22.626617604,0.0005791098,1.538182656,32.785604425,35.676178762,1472.1982874,1
11.207656388,9.97993e-05,1.6990746858,34.685852975,31.147092357,1578.1226543,1
21.818175593,0.0001900021,1.6939745702,33.176379813,34.728336735,1500.9890005,1
6.6483058486,0.0002014312,1.2192940153,37.99788932,27.825099695,1505.8157434,0
7.3515737795,0.0001415566,1.5574218941,38.551161034,27.361177666,1532.1252629,0
13.19419824,0.0001958666,1.2467187077,32.883450041,34.481297768,1539.2660727,1
5.0413986953,1.08381e-05,1.2374783834,36.340013005,29.875272192,1579.7539447,0
9.7545469671,1.60075e-05,2.0896566924,36.440793357,30.383039536,1519.2397319,1
12.214849546,0.0008298731,1.5249533612,39.471799937,26.63281865,1467.0075521,1
14.380752224,7.93188e-05,1.784659111,35.557731867,31.212433104,1489.1995878,1
11.578059845,8.45836e-05,1.8384911211,38.550965219,28.912275433,1526.5098387,1
7.0117603096,-1.65614e-05,1.7047212305,35.084201913,30.634242845,1550.1960534,0
8.9302582222,0.0001330098,1.5868888674,30.792503821,37.569913411,1492.0215767,0
7.6883137826,-0.0001400431,2.1278425978,41.556725714,26.261161612,1533.8157374,0
4.8793034342,0.0002640037,1.9878189871,34.696769637,29.763697399,1535.5340437,0
13.455569428,-1.64866e-05,1.381858134,35.835774566,29.008197517,1545.3095943,1
7.0399349778,-1.58769e-05,1.8115446935,33.475712037,28.395736476,1578.7596987,0
6.2099162832,7.21274e-05,1.9461071716,38.955791546,28.588146405,1494.0683501,0
3.9096134318,4.18445e-05,1.6717325368,36.258669365,26.491076951,1552.6916803,0
7.4004677826,-0.0001611561,1.3798238364,39.891423878,25.484623389,1551.1217007,0
13.831474225,-0.0001340433,1.6331442041,37.846237419,27.20814674,1521.3426258,1
9.7822382917,9.59854e-05,1.605481966,36.933656644,30.90145282,1512.7631291,1
10.387388428,2.32923e-05,1.709872741,36.06507711,30.207372691,1530.7577145,1
8.1874774719,-9.36212e-05,1.4536014077,35.838836549,31.381288485,1469.5125357,0
6.0670365625,-9.15119e-05,2.0029959768,40.298904702,23.583964851,1561.9923593,0
4.2920554829,6.40015e-05,1.526984908,34.858741054,26.586255391,1581.7394251,0
11.843050857,0.0001159013,1.1959460406,33.490246116,30.786606269,1596.8359733,1
7.121096316,-4.09597e-05,1.7459720498,34.477802388,26.960014772,1558.6766502,0
13.541433429,3.99076e-05,1.4176663217,43.019698718,25.466092823,1512.4018504,1
10.202589442,0.0003238502,2.0136281328,36.397200749,29.184567785,1520.942998,1
5.409818859,0.0001497541,1.6646858688,34.146335911,27.510759429,1580.3715621,0
9.7669617618,8.53951e-05,1.5930322611,38.666662189,26.35647385,1549.4024731,1
14.627516309,0.0001111037,1.8108941863,35.524260885,29.826712002,1511.6101071,1
8.8487358862,8.91984e-05,1.6442777166,38.403575596,25.762357759,1530.07475,0
11.523487802,-0.0001473142,1.4710387983,34.040482905,32.264614401,1444.4592277,1
11.569526768,0.0001596966,0.82541252,35.891927225,29.500307236,1569.8766823,1
5.8008381965,0.0002674022,1.7999532501,39.689772399,23.527405806,1546.9597903,0
15.93708126,-0.0001043145,1.4705174301,37.732565317,29.344838239,1451.288119,1
8.8589842798,-8.89386e-05,1.6476578562,35.722252473,32.407618196,1513.1041435,0
9.4029540201,0.000412414,1.9291577827,37.328813238,26.607791438,1501.4953198,1
11.237697806,-4.62305e-05,1.5007661513,37.779651878,29.453470322,1504.6631243,1
7.3876259086,0.0001164182,1.4808867975,35.449689734,28.459803276,1558.7507213,0
8.5821714503,0.0002233056,1.930497877,37.684058558,27.47377813,1535.9007036,0
8.3788324468,0.0006924959,1.7547347315,37.563187566,26.960495635,1561.0945844,0
8.4949180987,-0.0001534587,0.9807186843,35.763901597,26.145441913,1602.5685206,0
5.9273685324,0.0003266667,1.6147894388,38.866298015,26.77367992,1577.7015197,0
5.6742664741,5.80661e-05,1.7255858639,31.620437134,33.348350903,1558.423016,0
10.883217129,0.000125575,1.4673978989,37.783446906,30.026599693,1534.0027048,1
15.507526802,0.0001375376,1.1869530045,35.771226966,30.898718166,1382.5818712,1
9.853641486,-2.09979e-05,1.2911596421,33.765424959,32.167044541,1538.4485293,1
7.2781192439,-2.76935e-05,1.4707282606,38.584563541,29.101355708,1499.5834699,0
4.1423751668,5.6547e-05,1.4487301436,29.760547137,35.340516259,1541.668983,0
6.9476967805,-9.62628e-05,1.4205722253,32.915649407,32.546120628,1559.2942224,0
18.482948761,6.89265e-05,1.5052951462,35.379963357,31.424848383,1474.227189,1
5.9844703624,-4.32134e-05,1.9324517467,35.198322964,29.139584645,1587.8357759,0
21.680334867,9.31054e-05,1.3601561176,31.263647309,36.793007019,1497.826242,1
8.2701395385,-4.95036e-05,1.6785269956,33.988370761,34.997543541,1511.0136515,0
6.386497393,-7.23949e-05,1.6185666801,38.378066329,28.161412763,1506.8362449,0
7.3779425776,0.0002564943,1.5316965592,38.99783779,23.847341887,1579.4142022,0
12.508587273,0.0001661692,1.4878013808,35.773215716,33.205951023,1458.0940352,1
10.466016495,-7.9793e-05,1.5732215118,36.989463536,27.661555329,1492.6223787,1
8.2129135673,-0.000153821,1.3338305456,31.567298118,35.727305338,1524.957945,0
10.447730872,0.0001346829,1.4250654594,33.556496825,33.582184593,1548.3104672,1
9.7422240536,6.88991e-05,1.5752517933,39.139261319,28.465517681,1481.2134163,1
10.828310488,0.0002204842,1.6958096713,37.701824329,27.624594846,1487.1287451,1
17.572092648,0.0002386896,2.921411041,37.436987072,30.591322977,1516.3430091,1
7.0635918044,0.0001651575,1.7482984273,33.80040688,28.105035179,1555.9755218,0
10.470636523,1.8409e-05,1.7988594569,38.434862266,28.794611907,1491.4386394,1
8.2821259796,3.13675e-05,1.5909446373,36.379525563,30.216198448,1522.9745931,0
8.289726544,-8.8711e-06,1.3641091624,37.783037776,29.372047242,1579.8185283,0
13.126575618,0.0003277368,1.5907345219,38.284144935,27.853878029,1500.5776057,1
21.016060704,-2.5413e-06,1.5758611688,38.19581922,29.582142311,1444.3975036,1
7.648045973,1.09313e-05,1.2869910461,36.651970975,27.208950187,1591.973913,0
5.3115146327,5.20006e-05,1.7045658078,33.11106637,29.610437106,1614.2448468,0
6.058808587,8.85528e-05,1.8552700295,34.028785498,30.314625848,1478.5807692,0
17.740693679,0.0001072216,1.8941573904,35.108058483,32.817609275,1530.9779117,1
4.4345466564,-4.3546e-05,1.4544026836,36.501315626,24.761108734,1577.897424,0
16.86582458,-0.0002178163,1.1773683262,34.202802382,32.275915233,1487.0229649,1
4.9125877451,-0.0001404127,1.6584440499,34.963559488,30.462463907,1596.8805207,0
8.6038467417,2.15955e-05,1.9028754245,35.437422922,31.76210716,1539.9112779,0
9.3624254436,5.90735e-05,1.5276523036,38.243391135,29.142434014,1517.2290009,1
3.867608823,0.0001760995,1.3971188119,35.323401432,30.095144038,1590.5685169,0
10.054580078,-3.7385e-05,1.7014372739,38.688832999,29.1706526,1544.1192577,1
12.83108682,0.0001067211,1.5562723742,34.548195408,35.025209053,1517.827635,1
4.4902053843,0.0001280219,1.7001758857,31.157692019,33.281134073,1598.3285861,0
5.7937088345,2.3815e-05,1.8575985699,35.820584318,28.798554182,1553.984434,0
6.7519466323,0.0002637231,1.8666973328,37.500133537,31.524364776,1496.5632129,0
8.4546911197,3.07377e-05,1.6628335997,35.751959001,31.107752357,1506.6537684,0
18.83594779,0.00050075,1.4418882356,38.002716227,29.946185736,1451.3542137,1
8.488641208,-0.0001129925,1.6911281817,33.845307083,35.308446341,1495.4418494,0
3.8842876735,5.1417e-05,1.350146744,35.472195279,27.564203983,1568.1073529,0
25.643223011,6.63364e-05,1.3417287836,34.745033551,32.616982468,1492.4097949,1
8.4437599032,-0.0003444515,1.2638735924,33.136598794,31.026961543,1590.5063181,0
5.0563030601,0.0001222343,1.9356727763,34.679784161,29.012292819,1574.8005943,0
3.9797311052,0.0001703502,1.3923966885,34.464434197,26.632757607,1589.8038849,0
4.0129869698,-1.7307e-05,0.9718097776,36.692216622,30.061045919,1587.9187501,0
2.3223340391,4.64709e-05,1.6656009151,31.087778028,29.403660581,1512.6900987,0
6.0423085014,2.21857e-05,1.4298217572,33.941902949,31.489091613,1581.3749245,0
2.4902210167,0.0001000524,1.3751384088,36.836866704,23.113454795,1576.5922935,0
10.660260336,0.0003012742,1.7497941157,32.801599162,32.649117759,1554.0732999,1
19.856756857,2.31706e-05,1.5007529962,35.153292791,31.975116129,1438.0658801,1
6.936412573,0.0003449416,1.8276394181,32.55601217,31.832566284,1553.8386505,0
8.6861284402,-9.61873e-05,2.0392778457,38.26254824,25.494419262,1522.6967953,0
10.139760815,5.7877e-05,1.6118422394,37.567741313,27.107447511,1515.4578734,1
20.608110367,-0.0001101769,1.4708562961,32.64178961,34.449410528,1494.2331377,1
9.4087749009,0.0001494741,1.3385787541,32.132739267,35.007158261,1501.858009,1
13.418322069,0.0002107619,1.6328388441,35.820990437,31.748867345,1461.4342856,1
5.017822193,5.45257e-05,1.4318643459,36.877290849,23.296957623,1551.2421375,0
12.730268938,0.0001242771,1.6043927364,33.484459582,34.322508095,1468.3742525,1
4.5740055562,-3.18808e-05,1.8317118322,37.193159366,27.484582473,1559.5863367,0
10.259701104,0.0001827156,1.3797034057,36.44241954,33.254198185,1489.4643348,1
8.0063151353,7.27019e-05,1.5277365907,35.915104778,31.27962347,1534.5312106,0
12.954094058,-0.0001285495,1.4906050328,37.571104097,28.492873128,1495.4498856,1
12.186773276,0.0001109575,1.545580943,34.407328903,31.747728849,1493.8620713,1
4.4066662408,0.000147799,1.7495060469,33.922816053,33.285739199,1528.6741937,0
7.2494868279,-0.0001707102,1.3139190497,39.441688624,24.742460736,1563.8279353,0
7.0808179408,-7.05103e-05,1.2601403513,36.126795318,31.866775797,1479.9562059,0
13.654095679,7.79772e-05,1.4717026512,37.507662569,31.876555281,1477.3377247,1
9.0598460947,0.0002065098,1.4715025309,34.33642262,32.766432283,1540.3624938,1
7.4985503337,0.0001058346,1.5154878811,35.611156131,25.726591613,1571.7288317,0
9.6301530407,-0.0002806952,1.0744396511,39.387552582,29.061785005,1447.7417709,1
12.076112356,6.51141e-05,1.2361152089,33.338101522,33.440979004,1492.3172163,1
20.892747763,0.0001244061,1.4055291046,36.322280927,30.834328205,1438.6729371,1
5.3880050912,4.5589e-06,1.6930194145,35.75579118,24.43210311,1570.3180826,0
5.8123719005,0.0001603312,1.6524230475,34.67507717,28.212016393,1582.2745778,0
15.891637335,0.0002403957,1.5612520752,37.328184048,28.192209728,1455.7774534,1
10.158173386,-4.41129e-05,1.2596942397,38.161289085,27.008876269,1498.0761156,1
10.03662581,3.63253e-05,1.8911497743,33.042356939,36.662210285,1523.7316528,1
15.47648977,0.000307358,1.9795076519,35.099340879,32.495036785,1476.9587417,1
8.7603274588,9.44443e-05,1.5066356582,39.177131235,28.267330557,1496.6816981,0
15.665171715,-0.0001858998,1.2034729338,33.939844229,30.973068109,1515.7097243,1
5.035457096,0.0002380089,1.5221499718,30.719785104,29.866689024,1539.6089554,0
12.293550841,0.0001345401,1.9117139669,35.920449923,32.525749615,1482.70614,1
10.569920501,6.90889e-05,1.7235844348,33.862908331,35.435991333,1495.0157025,1
12.422098992,0.0001249332,1.7876444546,37.73068694,29.312203616,1514.9805008,1
4.4378054111,3.61658e-05,1.4512829506,36.99075593,29.160356252,1498.2888946,0
5.6876365425,0.0001991817,1.5466476489,33.42302334,29.637196888,1561.2126596,0
10.8116146,0.0001970694,1.5670260667,38.398916408,28.807552975,1510.3807227,1
11.236316697,0.0002087764,1.58717525,37.429143507,28.471803339,1552.2143955,1
6.9191758399,-3.26753e-05,1.5547716491,39.031347384,25.659725752,1575.7327553,0
4.8540602002,0.000316065,1.3630742862,28.257536075,34.940691219,1541.6952114,0
10.024453255,-0.0001928768,1.1616623555,35.890313113,31.952226144,1462.9246817,1
7.7103788081,-0.0001708292,2.0383401221,37.773247944,29.056557028,1550.8348286,0
7.4664103022,0.0003123478,1.21133383,39.380070049,27.844831175,1574.8665931,0
2.9958637468,7.35012e-05,0.6042306313,33.758548165,26.407095629,1580.4979026,0
5.4755150116,0.0002317897,1.6189603464,36.180466753,25.525311691,1573.0767532,0
9.2760951026,0.0003878821,1.3944148192,36.795016783,28.777690718,1557.4194128,1
4.4307140045,0.0001269316,1.5721331404,33.773705895,30.259028918,1548.51028,0
13.50419316,5.79642e-05,1.8400322213,37.652282313,29.905305445,1497.712632,1
4.0425544847,-0.000134373,1.8042184168,34.506300796,32.032861168,1553.2679219,0
5.0579641486,6.27894e-05,1.7598344242,34.787030728,30.898156722,1548.6615091,0
7.2766390058,0.0001884682,1.5616331658,35.152418617,31.152479104,1570.2749181,0
6.0804020979,-2.4439e-05,1.4840068649,33.745230961,29.832034681,1610.7237963,0
7.1465935183,0.0001186592,1.3027118094,36.336594147,30.316283551,1425.4579056,0
10.392942241,0.0001335815,1.5154189666,37.117150616,30.13045043,1579.9993183,1
10.38451258,1.6911e-06,1.5743882021,41.715658081,24.424512429,1565.7780758,1
5.9779758681,0.0001320828,1.6693119511,36.702257025,26.118280021,1555.3423749,0
10.400513028,0.0003003577,1.4583353089,38.766138038,26.411591944,1510.4365898,1
6.4081597938,-7.24679e-05,1.7994019083,36.341930054,23.985932877,1568.0768995,0
6.6158125812,-5.56891e-05,1.2983451019,36.687152875,24.424867601,1564.4136191,0
5.0139305346,9.89214e-05,1.7809632891,36.767178998,29.078667476,1528.1612672,0
16.069158963,0.0002124292,0.9890498238,39.645259613,27.537117436,1490.0356873,1
13.271962826,-0.0001351766,1.8827990063,37.385778976,30.861573637,1442.1957036,1
7.7593368387,0.0001189313,1.5500158256,39.318640613,26.223717838,1498.2041077,0
15.253513806,0.0003863225,2.2325063102,33.560320247,31.160666986,1508.8309472,1
11.276796714,0.0001205444,1.7058742798,37.856658482,29.496114482,1482.3353628,1
6.9971466577,-1.60548e-05,1.483996911,38.486764724,29.63184936,1494.7370145,0
4.9873501857,5.59935e-05,1.6210078909,34.740290986,27.196486513,1603.4076949,0
7.877713002,-8.90307e-05,1.4327577342,36.176986704,29.005219251,1504.2744362,0
6.3167863054,0.0002575725,1.44719915,31.804767859,30.470091233,1571.5984407,0
14.22618824,5.19224e-05,1.3010824534,37.004266786,27.039680959,1527.7130217,1
12.008619699,4.67765e-05,1.9062006126,38.451170213,29.104891348,1460.9623842,1
10.464106122,-0.0001568142,2.1071106783,36.275635122,32.375980381,1481.9085965,1
13.421332344,0.0001627469,1.4519278988,35.933659857,30.366816821,1480.0966074,1
12.593139322,-7.44045e-05,1.2932760989,33.556112599,35.061357782,1520.4851796,1
23.326763039,3.33313e-05,1.3149279136,34.130759954,32.410904644,1435.6234758,1
13.719281484,6.58854e-05,1.7201637166,36.475931579,29.999300602,1468.7982642,1
23.413944993,0.0001561556,1.6342532501,35.816213694,32.511568712,1502.7292166,1
21.952457013,-4.96701e-05,1.6286196505,34.635972049,33.039895027,1507.6294594,1
3.6534751708,0.0001104341,1.6809419777,31.004138258,29.107996505,1522.1393263,0
2.20851408,0.0001010298,0.7474405686,28.477328712,31.945890542,1556.238869,0
14.993633626,9.50477e-05,2.0595824536,34.213681499,33.35685971,1352.1601154,1
7.6461507446,-0.0002364771,1.1906484527,40.137669616,26.413148509,1591.1458096,0
14.99169627,0.0003540529,1.7137549386,37.655713908,29.227402133,1378.2722335,1
12.815524844,0.0003406595,1.4865261684,39.160985021,28.64549961,1516.2434262,1
12.381025768,0.0001848275,1.8312668046,35.83067357,30.25548089,1572.6546564,1
4.847356354,0.000138744,1.8586615379,36.397821561,26.774488809,1474.1324045,0
14.305063466,-0.0003755727,1.5063192163,35.034688537,33.526800368,1450.9078498,1
3.2127379093,-7.81525e-05,1.7146037463,32.319054328,31.706193533,1546.0336383,0
8.8739292141,0.0001683194,2.0866088308,40.278512593,27.244975037,1528.5810564,0
16.96548329,0.0002114933,1.1789325141,36.40778982,28.536103507,1495.2423574,1
9.2594743208,0.0002698986,1.2407608648,32.905262267,33.560415268,1468.186876,1
5.3892171851,-2.27077e-05,1.5476855013,35.128876521,28.25632058,1557.9986207,0
5.8550011856,0.0001507618,2.2097393443,37.957551057,27.341642856,1498.9517998,0
15.262264293,-7.54543e-05,1.8458008059,34.651113094,33.336365457,1456.4252841,1
8.3151171235,0.0002582259,1.7361452113,32.221000296,34.309185944,1495.9668262,0
19.179133434,-0.0002631586,1.4347859206,33.560100175,33.381687077,1509.43978,1
8.8987558665,6.04169e-05,1.5745390516,38.265351128,27.620597456,1525.6454978,0
12.892034429,0.0002734703,1.0629602865,36.370186123,31.726948508,1487.9785356,1
15.903638597,3.45779e-05,1.5195173761,36.700290953,30.794253116,1448.0563956,1
9.2444938042,-0.0002608841,1.551522166,31.165570153,33.457457363,1490.5140049,1
5.9967793398,-9.0553e-05,1.5345546117,36.796212884,28.770373152,1528.6978528,0
15.657817839,0.0005854965,2.2144347455,34.514440318,30.867335299,1518.7294957,1
6.3937269776,0.0001216963,1.2559544565,37.452960718,23.618705943,1539.7177807,0
7.2931029655,-8.16556e-05,1.5069120096,34.056648994,31.481573301,1564.2314342,0
6.3153836363,2.24106e-05,1.9729907655,38.407573138,26.062699087,1493.4658465,0
8.4940879281,7.8667e-05,1.2962574829,37.394344021,30.74891682,1445.0226142,0
10.36276003,8.5434e-06,1.364973441,37.634580009,31.685596997,1488.7864027,1
4.430931106,2.30924e-05,1.629931292,35.151219425,33.02122411,1532.1234533,0
20.579560258,-0.0004440506,1.0168593263,34.64894048,32.543174771,1454.3377281,1
8.6968801323,-9.86855e-05,1.3073958605,36.802857421,27.546002253,1544.8644881,0
13.956338076,2.70277e-05,2.048508712,35.664670088,29.196292838,1556.9160881,1
24.43716754,-7.18964e-05,1.6656044649,35.877446243,31.224663469,1446.457331,1
4.2312655278,0.0002140617,1.9710242413,36.018035875,27.231122301,1557.0353978,0
1.4394619429,-9.58036e-05,1.8935914858,32.965464404,27.35497296,1563.0849792,0
11.887914324,0.0001441174,1.9141544074,37.597073053,30.718529055,1471.7409828,1
8.1479921166,0.000104554,2.0109214107,38.298856611,28.126734667,1491.2345722,0
7.7276329404,2.66794e-05,1.7066269334,35.368925443,30.457888089,1536.9154101,0
17.754561375,0.0002238545,1.6398110953,36.446499374,31.313494856,1445.3084765,1
5.7758761623,0.0001150455,1.7024523595,38.553942326,23.692940821,1584.3200771,0
8.7591910311,5.6409e-05,1.8252231782,37.579294237,29.673804042,1478.1249508,0
4.7953986109,0.0002592621,2.3908614942,32.96816729,29.758732618,1492.2019531,0
9.5321521333,0.0002208498,1.4361662706,35.119082553,33.161743427,1446.149146,1
4.2327390041,7.84702e-05,1.1631236091,30.756022591,31.030797137,1553.2522618,0
12.508238549,0.0002564738,1.6065372929,35.703026427,32.27496885,1469.9232566,1
25.280127623,0.001351092,1.5647743954,34.614952369,33.415567707,1444.7807046,1
11.459285838,-6.46623e-05,1.4354969326,36.250200152,29.24513446,1520.7378334,1
5.3514848876,0.0001119695,1.5802151242,31.835771093,30.293990455,1603.5326209,0
8.674523808,0.0002205021,2.0985096527,34.650913172,32.414080049,1539.4210139,0
5.035895386,0.0002418518,1.9365134739,35.506934438,28.776287689,1559.1982133,0
3.7273499427,0.0001394541,1.6745860952,32.982574009,26.269524801,1554.9416413,0
8.1475980315,8.77123e-05,1.4279397335,39.761777666,26.617697032,1519.9836028,0
12.107591763,0.0001458233,1.389739103,36.509982362,28.477767425,1484.2485146,1
10.195194596,0.0001666082,2.3454623923,31.782347332,35.926445536,1459.6328167,1
10.19020445,-9.13541e-05,1.4460551907,35.923815806,31.755482043,1472.7597401,1
5.6839702116,0.000399956,2.3113674658,33.942518318,27.903212756,1572.499123,0
8.5808740746,-0.0002588523,0.9433024494,39.030543171,25.706664484,1594.361775,0
6.8126877642,5.396e-05,1.5740029463,36.446440259,26.129455555,1593.2456019,0
9.7315799732,-8.46746e-05,1.4216425139,31.370949575,31.345824699,1588.8797976,1
7.3535662519,1.54626e-05,1.781730922,36.647066224,32.079900672,1487.4104628,0
7.6954114866,0.0001785333,1.3031677087,31.268182467,34.817782884,1605.4292355,0
6.4237627601,0.0002357234,1.9087734073,36.737382525,26.554705655,1546.1995015,0
11.800629306,-0.0001827813,1.0387703271,37.074536649,31.19612808,1449.9763513,1
12.358216092,0.0001583704,1.9755675847,36.073709833,28.151751921,1531.2706113,1
9.5196660719,0.0001697522,1.474807374,37.659733773,31.198142793,1506.3228707,1
3.6101511007,-1.84455e-05,1.0999341752,35.821126049,30.157121848,1598.1118523,0
10.734719881,-9.35878e-05,1.5414279487,39.087849278,28.134711629,1530.0926203,1
8.9784591511,2.59522e-05,1.8894558631,35.158006466,31.654492856,1542.305112,0
14.467994072,9.03126e-05,2.0231371034,37.330604811,28.088401111,1536.1755061,1
7.0115539634,0.0001691245,2.0610914403,33.637692591,32.86809795,1465.0798412,0
9.8789043206,0.0001969792,1.7750113306,38.603849676,29.426107362,1483.2017375,1
11.745766127,-0.0001991364,1.3912311162,39.575511969,27.25497649,1424.484325,1
11.667536834,0.0001367269,1.642938562,37.825241093,29.597928407,1472.2183771,1
6.7567136002,-1.09058e-05,1.5491627753,36.768743262,30.887405463,1482.9444982,0
14.225674024,0.0001145885,1.6392764889,32.365152359,36.349690638,1522.4795483,1
22.609181105,0.0008076589,1.340280128,39.303375587,29.132918753,1442.6216454,1
5.042737342,-3.496e-05,1.5584802186,34.284891647,32.903484182,1573.5304854,0
8.887273568,7.6653e-06,1.5899590741,37.488871178,31.541537276,1473.9115168,0
7.7012835424,-1.33497e-05,1.557253229,35.785611908,31.448956587,1547.7482055,0
19.562818297,0.000527105,1.4803597204,34.138530584,32.731654224,1457.0538803,1
10.655229692,8.69601e-05,1.79083183,35.055743414,32.918244236,1509.1307285,1
6.7948511228,0.0001281422,1.7346642131,36.583954658,30.926316249,1515.0066281,0
13.217080876,-0.0001876074,1.4512219112,37.304124476,29.310942582,1470.6796354,1
7.4375886033,5.74012e-05,2.0390586013,36.274396905,27.741606551,1547.2782639,0
5.6756507537,-3.7964e-05,1.5098011701,32.376180584,31.60247526,1585.8828103,0
2.2606533409,2.11981e-05,1.458682712,30.547090414,33.458913789,1459.0610725,0
6.3296014853,-0.0001358283,1.31184705,38.075002402,24.278473122,1544.8326009,0
5.4981505932,-1.01389e-05,1.6443299366,38.209858793,25.528312672,1551.7322473,0
12.139479436,-0.0002343153,1.120722078,36.784472625,29.801171508,1538.4325439,1
10.888721433,0.0001298167,1.6115100225,38.732235395,28.642269861,1442.7518365,1
22.330202429,0.0001174916,2.1066077017,34.876742473,33.484347559,1503.3329955,1
11.087625241,4.07712e-05,1.7179046937,37.424840346,29.674826177,1502.0470236,1
9.1462563873,-2.78802e-05,1.2998124624,32.802027919,35.267012548,1462.0471429,1
10.727798433,0.0003571665,1.3462929731,34.22434104,31.801751745,1595.0410962,1
14.188717168,0.0002861742,1.4160619585,40.127811681,28.379587556,1523.1811336,1
10.585218829,0.0002556829,2.7200750731,38.9262243,27.924087836,1466.4585638,1
6.8672519745,-0.000106008,1.7896489167,36.368214143,30.370471485,1549.6474187,0
10.016433959,5.52501e-05,1.2931301504,38.035810713,28.471805027,1512.9960601,1
19.563203342,0.0002968112,1.8036749417,36.327046116,30.677843728,1516.6273017,1
9.103048777,0.0003568846,1.3853900697,29.565371301,37.91264907,1401.7160787,1
6.9032141246,7.1508e-05,1.3456066754,35.522465609,31.754132339,1533.2166379,0
4.2790420601,2.68656e-05,1.6062651144,36.876594252,24.154784191,1566.8674297,0
7.3382919565,4.67622e-05,1.52302162,35.557331417,26.01749829,1598.6954355,0
14.362696511,0.0001244655,1.5369262872,35.195308803,32.482361805,1485.9539703,1
3.431421984,8.68748e-05,1.9878192347,36.811299698,25.880430976,1557.3149002,0
10.966527207,0.0002333325,1.5572758288,35.270035144,33.453095648,1457.7521614,1
11.358518937,1.64391e-05,1.4006473324,39.708216618,26.862154741,1537.6010622,1
8.9404639671,-3.94439e-05,1.6851832579,38.266650526,29.219510382,1496.814499,0
8.5908548178,-7.68887e-05,1.5183843392,37.9742462,28.153473447,1505.5465397,0
10.138873271,0.0001106216,1.4132278018,40.739594345,23.368500789,1562.3988903,1
8.9627152105,0.0001155222,2.0616968229,38.470147832,30.0029553,1545.1281187,0
5.5733809143,4.1568e-06,1.5464566206,31.305185863,33.184678915,1520.0995029,0
11.903034531,0.0003925104,1.8840069435,37.433992,31.16622521,1471.6592998,1
7.1013151266,0.0001465132,1.5978696752,37.071817432,26.949619715,1538.2717423,0
13.378982687,0.0001011506,1.7166485798,37.933565194,29.285424328,1398.4807027,1
7.4257637072,-0.0002680438,1.2645099865,36.675039916,26.488780038,1586.4480728,0
2.9983362,-3.57229e-05,1.7262746259,29.777486718,35.680135454,1466.1422028,0
15.92715672,0.0004500266,1.8381348222,32.258477055,33.154171518,1490.4019006,1
8.1085162768,0.0003455987,1.5598811169,31.45607806,30.094049086,1568.5856128,0
7.6153215512,4.05376e-05,1.7337610549,33.0639746,32.353379589,1498.0063491,0
3.6940547124,-2.36305e-05,1.6771405832,30.899626202,28.510326526,1562.8719671,0
15.559688794,0.0005058682,1.7208584952,37.09171481,32.025923719,1481.4426858,1
18.642500542,5.48455e-05,1.4371543265,34.511223082,32.019838629,1510.9710935,1
5.7594513981,1.81925e-05,1.6897687218,36.374907256,26.851134137,1579.9354077,0
13.852615064,-9.15906e-05,1.3637923713,34.043975132,33.6613096,1523.6980342,1
11.685695181,-2.11271e-05,1.4306407878,38.031949438,28.685874651,1502.7388935,1
15.946444016,0.0001388737,1.605872478,38.822352325,30.254842171,1462.0819699,1
14.586198979,0.0001884203,1.5044801811,38.9181852,27.768446759,1500.4208044,1
7.2795434076,-0.0001071449,1.5194495884,34.417096892,33.331580257,1492.359727,0
9.1476325738,-9e-10,1.6467541555,35.99301921,30.770913487,1529.0591662,1
14.452989153,3.41683e-05,2.0675733296,35.889793322,31.065543604,1487.2062279,1
4.1052058361,1.09935e-05,2.0603133094,28.562110142,31.273416012,1555.4825636,0
8.201786802,7.79462e-05,1.4854925227,39.644727172,25.182579792,1591.5862799,0
15.461495189,0.0001998091,1.3106559784,37.313842742,29.669695057,1445.9043724,1
12.746400209,-2.9883e-05,1.4352138497,38.231749515,28.868814627,1441.1510898,1
26.114698068,0.0010137483,1.0524129281,35.806389819,34.051686233,1430.5421486,1
8.9230888737,2.77755e-05,1.4471672956,36.923073727,29.991286831,1577.1530476,0
5.5580808805,-4.17815e-05,1.3959998587,36.216631716,25.412557084,1560.2967971,0
10.353621068,0.0002786098,1.2949611131,40.280970749,23.965925985,1575.3634229,1
10.786710129,0.0001203351,1.5338109317,34.661480379,32.000096779,1505.0469236,1
9.1694638448,0.0001317641,1.63387734,33.180118214,33.038794431,1530.1911053,1
10.376563873,-0.0001389185,1.5247795532,33.610865185,33.359158108,1488.9891796,1
15.610725138,-2.8556e-06,1.1558917952,35.790368418,31.213262584,1471.6384312,1
5.479868942,7.42175e-05,1.570530303,34.209773131,27.915200059,1600.7902404,0
9.3615240192,0.0001397218,1.5730792374,35.873894532,26.80600548,1568.8946511,1
5.9932909747,-7.3871e-06,1.859309792,34.764988047,26.524795155,1580.5586801,0
13.373606116,0.0001212637,1.4972066912,37.375014176,31.07124691,1506.9243911,1
9.0690726288,-0.0002731602,1.2527538807,35.591323586,28.405679624,1504.735537,1
7.2574739136,-6.56309e-05,1.7147667427,33.926405664,32.966719369,1517.2189345,0
14.303632538,0.0001625102,1.1893428796,35.426215503,33.395113758,1514.4557383,1
5.2006502581,6.7689e-05,1.6107902698,31.988304733,29.768879815,1572.1382108,0
9.0932725029,0.0004251721,2.4844954434,38.498987726,27.376455798,1525.6528137,1
11.080344079,-1.24572e-05,1.8847063875,34.530977302,30.018617543,1542.4560524,1
6.3505114516,0.0001585365,1.8412413681,38.436557478,27.634732942,1570.607176,0
9.9113542052,-0.000149095,1.6214222838,37.460026902,30.315261043,1447.7421806,1
3.4420179536,-6.06486e-05,1.5396846028,34.745751544,31.810045348,1497.5163927,0
15.15012877,3.73029e-05,1.5732687495,38.494536198,28.061511785,1500.9127715,1
7.8932936529,-2.60259e-05,1.5200638581,37.852649137,26.282306462,1551.640849,0
8.3665499136,-0.0001323655,1.769312658,35.590470905,31.480460642,1521.5140091,0
10.437890783,-7.7023e-06,1.7140961232,36.080365765,29.634625291,1542.3472446,1
7.9877352676,-0.0002608917,1.5068193004,37.489587903,31.091372112,1460.3733975,0
6.5913537528,5.77554e-05,1.8732684023,38.580444255,26.326574283,1552.0431319,0
8.6725267048,0.000141307,1.9989484916,35.268525923,30.587117721,1551.2856853,0
12.561806275,-0.0001015561,1.4406213917,36.437714859,31.166972447,1485.6436757,1
15.173661994,0.0001626998,1.7104839134,36.32054342,29.617290315,1474.3975019,1
2.8631743591,-7.53587e-05,1.1924469519,33.644359203,32.547682496,1554.0182623,0
10.527349541,0.0002083454,1.4234771627,34.217733923,35.822955629,1463.4631221,1
14.288071586,0.0005908661,1.6574287225,37.71584272,27.912202371,1493.7487016,1
6.1500321849,0.0001271252,1.8089616223,35.876025317,29.896345735,1476.7444875,0
5.3439052808,9.10406e-05,2.0038156432,34.921872508,28.235739731,1563.1195714,0
9.5087871166,-3.35373e-05,1.4414367253,38.673613545,28.404777976,1512.4597093,1
2.9030979819,8.7764e-05,2.129938593,31.744113575,33.872294547,1582.859538,0
5.4422305811,-5.25189e-05,1.6634579553,35.603828415,25.186029794,1591.9370614,0
5.8534586557,1.58086e-05,1.2244615851,34.54700135,27.556395633,1621.1501028,0
9.2902654121,7.36998e-05,1.5298543661,33.362605465,34.153291631,1504.06371,1
19.292595875,-0.000170345,1.2966974931,33.564457445,34.070079184,1453.6704582,1
24.599249769,0.0001872124,1.5196368234,31.470318518,35.073576778,1442.9840741,1
11.958713455,1.75585e-05,1.4568818682,35.99812397,31.64514035,1458.632364,1
5.2881642698,-2.50058e-05,1.6647221192,36.334173263,30.092792295,1568.5773301,0
14.001799014,0.0008306695,1.1424543062,33.431126614,35.253545067,1475.0312122,1
6.2283984906,3.25587e-05,1.3945966368,35.198948699,27.822112484,1571.949906,0
21.172646573,3.97663e-05,1.7350095215,35.316536721,33.465895623,1520.739089,1
8.097110369,-2.70855e-05,1.5152065665,36.262899473,25.913635068,1583.3175371,0
5.9789666162,-0.0001379259,1.9451939365,38.998400901,28.296390287,1574.6064611,0
5.7687802357,2.57181e-05,1.4304534154,33.953853755,27.044750842,1585.8116167,0
6.3483322103,0.0001828283,1.5767555552,33.45572514,28.263188165,1552.1622483,0
13.261682264,-0.0001850607,1.7396770339,37.732694605,29.516713825,1489.8647895,1
10.190139832,0.0002137416,1.6468401504,37.514808496,30.920872733,1494.0593084,1
11.411538957,-3.85641e-05,1.4812200062,38.280398242,29.221606712,1491.0178125,1
18.461370763,-0.0001628245,1.6638060175,34.93362326,31.532767469,1523.6509319,1
6.9553103308,0.0003204326,2.8200977772,35.893176168,29.101795761,1569.9392226,0
4.8040598014,2.87605e-05,1.8757041188,34.416136632,29.684657057,1588.3801124,0
11.245535783,0.0001057453,1.5942414299,39.736412641,27.550004326,1500.2747143,1
10.121889009,-0.0001460767,1.603736831,35.498411013,31.646445795,1588.2440383,1
7.845551253,3.99848e-05,1.1980191917,39.487710476,29.184203031,1584.2267553,0
4.8953085388,-3.69093e-05,1.7106231492,36.059699647,29.79431767,1566.9636851,0
12.781784333,-0.0004350569,1.4305586754,35.006553178,33.906413723,1517.932075,1
14.804806973,8.50173e-05,1.2257291991,36.606806002,29.112522367,1465.7664338,1
4.2771327797,-7.7977e-05,1.701900353,35.729077091,28.278756671,1619.4076112,0
8.2622906778,-2.49894e-05,1.5604215518,38.723608725,29.52259285,1491.3394639,0
16.320344997,-0.0001684583,1.0737885743,36.996549063,32.295942615,1456.9434681,1
9.6673209874,8.38892e-05,1.2902418316,38.742099188,26.611379871,1554.4327466,1
9.1028461998,-1.52642e-05,1.510012722,36.984889179,26.580596124,1558.0467196,1
4.7455540822,0.0001174277,1.3773687037,35.686348955,30.859004749,1542.887657,0
13.558126629,6.05026e-05,1.5399989604,31.726017327,36.181344817,1502.8228063,1
6.6125570212,4.883e-06,1.9397053795,35.227622978,30.325246856,1566.4576921,0
4.714589251,6.28901e-05,1.6478280276,37.470438864,24.663721957,1547.4753676,0
6.7864833835,0.0003659017,1.3305428216,31.86610803,29.079183863,1579.0909656,0
7.8710650742,0.000160806,1.4169324331,34.930362603,29.956014433,1502.8319848,0
4.4639472619,-6.8414e-06,1.4147115792,35.279914746,30.466683148,1528.186551,0
10.677204903,0.0004633379,1.4657221786,32.27779295,36.6444983,1482.6046547,1
8.7222193405,-3.43428e-05,1.2892586714,34.542461616,32.395005469,1493.7294795,0
6.5948447703,0.0001323213,1.64198497,37.829403315,25.415932889,1556.4113599,0
12.936742685,0.0003154679,1.7607343185,35.254241416,33.069086228,1493.7067641,1
7.6275011991,0.0002096507,2.0081485796,32.852051941,31.692633354,1505.8193293,0
8.5803703985,2.02792e-05,1.3814750648,32.956812064,33.547731942,1506.58373,0
6.0947805736,8.31712e-05,1.7239185332,34.682484822,28.414917557,1560.05305,0
10.206812376,-0.0001452039,1.450257218,37.791929228,27.625580001,1517.509305,1
13.393400044,-0.0001861387,1.2778011822,36.080757407,28.963836058,1462.0846765,1
26.573099082,0.0001309748,1.3798567909,33.856211428,34.78606352,1487.9750061,1
9.0426339582,0.0003364426,0.9133997272,40.13130819,27.520266704,1524.7804841,1
11.052838832,6.26387e-05,1.4704612142,39.619238671,26.603289413,1492.6834498,1
11.557990542,6.63319e-05,1.5219286679,39.028583363,25.777441904,1530.8785293,1
9.7857718622,0.0001491462,1.710748207,33.742325692,32.100360833,1507.7897574,1
15.5399986,-2.10977e-05,2.0466312804,36.116657567,30.362335244,1546.5999993,1
19.68830842,0.0003599508,1.2447796888,39.774623523,29.063658984,1460.710067,1
16.31391088,1.42677e-05,2.058764825,35.340522407,33.860283409,1467.4587255,1
23.15794876,-0.0001724169,1.2836883616,31.667819415,36.95047167,1445.7957104,1
4.3824610644,1.64391e-05,1.4700718989,33.879574844,30.129654385,1620.4113752,0
7.1641523803,8.24371e-05,1.2492886176,32.12845653,30.81527566,1574.2136168,0
10.074037191,-9.6948e-06,1.7025416207,39.001037421,27.250274016,1524.1121834,1
5.7103335422,-3.76852e-05,1.5120371346,34.116666747,27.37525541,1604.0125258,0
11.759833092,9.9307e-05,1.54279588,38.995469981,28.799303944,1421.5444113,1
7.4327553638,1.2638e-05,1.6242904486,36.340813067,31.493831381,1508.7429308,0
2.6416259363,0.0001143009,2.404362609,32.300136459,27.260790183,1568.4610966,0
3.303500892,7.40712e-05,1.6524139787,36.001955822,23.833600332,1567.8797917,0
7.4645725362,-0.0002696331,1.8397369949,35.108329593,31.808120851,1502.0882681,0
9.927029861,9.99111e-05,1.7499905794,37.040215306,29.095012824,1562.679184,1
9.9124168994,5.85815e-05,1.7757202345,35.833537643,31.386219802,1488.7908357,1
2.9749293823,2.55741e-05,2.3464290785,37.732116061,23.793083538,1559.9452158,0
7.8699191413,-8.54597e-05,1.1500049992,35.232557416,28.639774356,1574.8182322,0
3.8675903652,0.0001170939,1.5972434308,34.667018603,29.159827027,1574.0787278,0
10.861826825,1.07075e-05,1.4090735515,33.314310067,34.17985304,1481.4834215,1
7.7648512846,-8.23455e-05,1.6462550878,34.487497689,34.735003651,1477.4445096,0
10.772182482,4.97409e-05,1.4181491295,39.123205824,22.998951338,1568.5864094,1
15.731968191,0.0006833847,1.4382764525,34.588719645,31.396472869,1433.5132151,1
1.9411914717,9.0476e-05,1.4675978549,33.22311033,28.345488031,1611.5789706,0
7.0193293447,-0.0001404169,1.4814469191,31.896851909,33.428443839,1546.1752298,0
9.6798677578,-0.0002328552,1.2045774888,40.374721171,28.261558129,1487.4264095,1
14.696244925,0.000229008,1.5001004577,38.020562965,30.196519702,1476.9280546,1
15.3745821,0.0001881267,1.6868421914,37.917232738,30.027310919,1451.9903978,1
4.9108759891,-0.0001155482,1.9282148887,32.07948104,32.442225231,1604.2341691,0
18.257419733,-7.87678e-05,1.4898154426,35.018257884,33.403768184,1525.0402063,1
8.7732532391,-6.38657e-05,1.467644619,35.013420641,32.568661389,1492.9772142,0
7.6038746603,0.0001092843,1.9321659042,34.286649433,30.312392571,1535.6456167,0
19.809487237,0.0003811438,1.7358737685,34.993329765,31.700498919,1446.6585336,1
7.2113966219,6.77734e-05,2.0603869129,34.071233335,31.321077589,1535.9872039,0
13.28434304,-3.66161e-05,1.2557171516,37.976219119,28.62370814,1470.4660077,1
5.9108502075,0.0001331558,1.666142573,32.836588275,29.002483871,1584.5843978,0
9.0175087923,0.00018809,1.7033566144,36.144929657,28.739749369,1495.1512412,0
13.993622712,0.0004259889,2.1389473345,32.362738463,36.126539468,1440.4444286,1
10.177351389,0.0001212026,1.4275510094,38.264138075,26.583310298,1540.3274971,1
22.760802465,0.0003085686,1.8991113994,35.422046648,33.492153975,1487.0686604,1
18.29005866,0.000211862,1.831126896,36.8214696,30.953163829,1509.4099288,1
6.3708742559,2.44836e-05,1.7748503563,34.607190494,27.702256192,1579.0558106,0
10.584640625,-1.7939e-05,1.6447791281,37.448788,26.3499479,1575.6785493,1
13.629006166,-5.91498e-05,1.3823644886,40.293341562,26.46217881,1493.7435837,1
6.1927165456,0.0002937924,1.5658822531,32.574095873,29.022645483,1560.6778528,0
3.8293543857,-4.06698e-05,1.6729113704,37.105701239,27.076282777,1498.6144458,0
14.174214485,-0.000182756,1.3407591748,36.638862455,29.00341851,1458.939069,1
2.9194213035,1.02742e-05,1.4979007966,37.114216118,25.27648916,1545.8659572,0
6.4090901242,6.81523e-05,1.5462092017,34.970916647,31.290947992,1556.4023244,0
12.520602465,4.8956e-05,1.5088170819,37.489033288,29.324060303,1465.3838813,1
13.211899036,1.68857e-05,1.7988805918,39.038007942,28.021979966,1567.7363789,1
12.006184434,5.20045e-05,1.3948147363,38.841682045,29.234735348,1451.7005166,1
9.8433549204,4.93902e-05,1.7349770155,39.983442878,22.900120675,1559.7466603,1
10.202621652,2.35286e-05,1.440690242,36.781135134,26.397595693,1480.6801122,1
12.120303812,0.0002684053,1.163824724,36.630489208,29.687636797,1573.0326382,1
6.5966923918,6.15352e-05,2.1188453313,33.324360475,29.78568435,1549.2833655,0
8.8485509322,2.70412e-05,1.4308955917,35.391470127,30.704020005,1570.1488778,0
14.257022518,-0.0001047093,1.5236674268,34.867367843,33.869616394,1419.3379582,1
5.8138538572,-4.53226e-05,1.7785986765,33.658181284,30.358101181,1586.2117384,0
3.2732524972,0.0001192826,1.56634548,33.987262967,28.040533899,1529.2588903,0
14.140311811,0.0002333117,1.2281632581,36.598069707,28.447362979,1496.6607435,1
12.153754851,-7.5548e-06,0.9277897425,36.281903817,31.92036346,1475.4376659,1
5.9185628697,-3.6004e-06,1.4425902208,34.589020699,33.196872294,1480.0883177,0
28.303177088,0.0002536164,1.1734401889,34.635727868,32.479309807,1412.1023761,1
10.319482852,-0.0001089091,1.6659771596,33.859912872,34.486920087,1473.1590045,1
17.964044758,0.0002829683,2.1256473872,38.231351624,30.381997784,1495.8774781,1
8.1378018435,8.32986e-05,1.2178567113,37.741480042,29.90749238,1432.5734634,0
10.687440823,7.13824e-05,1.39026979,36.938004917,28.300541423,1566.6491531,1
8.4983175029,0.0001665267,1.7208634941,36.419429612,26.547209901,1580.6038365,0
15.859548258,5.74888e-05,1.5571063182,39.237807856,26.837734011,1470.6285994,1
14.958402294,0.0006252033,1.5426883189,38.320469389,28.709692101,1435.0725689,1
3.9837883996,0.0001018679,1.1015848603,34.744364116,30.131426719,1580.6119781,0
9.4135312556,0.0001129882,1.7272618431,37.543252993,28.731699971,1525.3787401,1
4.0666958021,-7.5026e-06,1.550172929,36.21382449,29.67811021,1491.4565256,0
10.498135,7.511e-05,1.3726460787,37.80127513,29.503204006,1555.5209231,1
5.5874292222,0.0002158483,1.9560560239,33.411982705,24.738480445,1557.6163581,0
8.4738604012,0.0002941359,2.0327579297,37.939488352,31.182155866,1467.2324183,0
4.740274953,1.05011e-05,1.734026147,34.011462138,29.016827832,1590.9292475,0
9.3629380607,0.0001226618,2.1938550101,35.410697185,28.955709177,1534.4971935,1
10.855023386,4.99346e-05,1.9152384727,39.792388076,26.573725279,1496.1852559,1
17.523613627,0.0004312048,1.3400685473,37.380578757,28.717411839,1417.0881688,1
6.5547812422,-0.0002114565,1.233080398,37.13023232,27.943882594,1582.3064893,0
10.321595169,0.0001846471,1.497795781,40.783383749,24.853840909,1574.1167501,1
13.648851134,-3.08888e-05,1.5509132129,36.084877698,32.104605179,1431.5033517,1
4.8716869514,-5.03385e-05,1.9815998605,34.854301166,26.624229397,1581.6007525,0
3.4362193347,4.4041e-06,1.6762508759,37.5047302,27.713519951,1480.1226392,0
7.9960656585,-3.07997e-05,1.5944984557,33.029695579,34.573837886,1474.0857464,0
13.026487369,0.0008707361,1.6956134772,39.08407911,27.009190649,1482.0352453,1
3.9083902374,8.3236e-05,1.5957878932,36.813083506,25.437688163,1565.1186756,0
27.790592935,0.000398144,1.7015735703,35.752273024,30.773776541,1495.0617195,1
8.802213369,0.000146437,1.4956846285,38.242475053,28.944240036,1517.9105871,0
8.7427899024,-6.01331e-05,1.3219559995,34.137133396,34.821294691,1483.9230412,0
2.6633460212,2.35192e-05,1.4082788941,30.765102331,33.29663464,1474.8040406,0
2.6820800033,9.18728e-05,2.0949429917,31.543746555,29.670179857,1578.351516,0
9.0546760237,-1.32483e-05,1.5293405599,36.872168766,29.290115291,1537.5685881,1
9.9072883625,0.0001977036,1.4220308098,37.09071581,27.904292906,1599.1975916,1
8.1559782773,-0.0001380818,1.7522075182,32.257107724,36.025828351,1493.058437,0
4.4553092174,0.0001165468,1.8427364535,36.750875061,23.102616742,1551.8144056,0
9.372809663,4.97289e-05,1.6065206807,38.184708052,26.551789632,1548.1383268,1
6.1110255433,0.0002350128,1.5233488191,37.210852661,28.609312025,1581.0842519,0
10.260126713,0.0004348441,1.0310900359,35.036199088,31.870086679,1540.8200575,1
5.4760562734,-0.0001269146,1.5060866778,40.733974308,23.995453111,1576.9462535,0
7.0181635016,7.89281e-05,1.6262776806,33.918188994,31.837592116,1531.2900555,0
8.5904502767,-5.18599e-05,1.7382896798,40.383094309,27.022697378,1544.9880709,0
7.7528086257,0.0002388539,2.0491563928,38.311567219,24.268672387,1562.7203723,0
2.2907080311,7.8096e-06,1.2118974277,36.935467516,27.650569623,1566.4035419,0
15.231877871,-7.6326e-05,1.8387242214,35.756912263,32.111852817,1433.7893204,1
3.7700568577,0.0002011038,2.1178903717,31.861329637,27.696962005,1508.5369762,0
4.9729986876,5.73505e-05,1.6991486718,33.788229602,27.944898817,1563.6053114,0
10.529934867,0.0002161997,1.7130619731,38.273840638,27.896589082,1477.9971568,1
7.6533778578,3.32461e-05,1.5063425238,39.756537337,26.75236944,1554.5631356,0
12.804001367,5.17231e-05,1.7258117499,37.960850409,28.767483965,1538.3457556,1
11.650763754,0.0005425383,2.4345863779,32.414006704,33.902324135,1488.2392503,1
14.623129611,0.0001277797,2.4683360994,35.804307134,31.811219387,1494.807482,1
2.9246269048,0.0001125813,1.6477901325,34.739873657,27.453128065,1570.5812348,0
10.100851645,6.22518e-05,1.5428279873,37.537302671,30.575524975,1462.8163258,1
1.8271419264,-3.82581e-05,1.7535571963,34.472929785,32.347654163,1498.7808424,0
8.0096536521,-6.6214e-06,1.6986391812,38.54627923,29.864763595,1502.6300801,0
8.4506494888,0.0002853906,1.4344783682,35.405581389,32.027947236,1512.5103126,0
9.6950859819,0.0002143973,1.8096283687,37.083706343,27.212123941,1554.67373,1
17.976859378,0.0008373133,2.3263284764,37.280968376,30.993669468,1460.0058972,1
8.8916023537,2.70417e-05,1.7224433183,38.569104062,26.709241881,1523.7640353,0
11.928357821,0.0004409352,1.8162178536,37.541792249,28.97588301,1544.3314755,1
3.2153225856,4.3046e-06,1.3881201536,35.202214719,30.273551935,1577.3192467,0
13.901451332,0.0006213178,1.5076756652,36.086632613,29.460101243,1515.7811635,1
7.6677952925,-7.32857e-05,1.5351717454,31.327407137,36.598768808,1458.4582736,0
10.508993767,0.0002142017,1.7746963086,35.175423758,32.282058843,1581.8537414,1
8.3201735008,-0.0001114365,1.5404096185,41.060503782,23.902946295,1582.5508909,0
7.6358939146,2.32446e-05,1.7758587661,37.980886701,29.145523474,1502.9396552,0
5.8871370606,7.7764e-05,1.4874549208,34.187121723,30.611464487,1628.78933,0
7.2508439549,5.46876e-05,0.8322853271,36.020399149,32.068698563,1476.7221426,0
9.6500284644,0.0004549364,2.0564872343,39.871954953,26.206964298,1519.0826696,1
9.4891717123,0.0001750026,1.5483477416,39.430452611,25.776585163,1530.6817252,1
15.756862971,8.32034e-05,1.5482389475,35.154128177,30.967978602,1449.1256247,1
9.7873185354,-5.2634e-06,1.804394886,35.003845408,29.300104544,1481.0520909,1
6.405113779,6.24071e-05,1.472571318,32.587699197,29.845830893,1513.3935463,0
3.5467063581,-7.4012e-05,1.4015439805,37.176128558,29.072087815,1566.6681675,0
7.9529157652,7.01686e-05,1.4407497106,37.760606403,28.167603991,1566.5487758,0
15.855919041,2.98816e-05,1.7877662346,36.631943263,30.859736091,1497.5583854,1
7.5097266924,0.0002729877,1.8472676501,36.027206291,28.301721121,1573.2939625,0
19.238496545,-0.0001557023,1.477754753,36.146330458,32.446947225,1503.4150143,1
12.540660525,0.0001771296,2.033929296,32.595863027,34.762499179,1520.4780889,1
11.315279781,0.000187563,1.6033025775,36.125966375,30.242589549,1584.6455122,1
3.1245968994,9.32283e-05,1.6091802655,33.515715438,24.649213266,1558.1971881,0
3.9047089221,2.53465e-05,1.1852270726,32.730384884,27.589256879,1564.3314389,0
7.7492208411,-9.21451e-05,1.3063211848,38.589365307,24.980030651,1563.1520553,0
8.1061107642,5.7307e-05,1.6134689427,32.771021109,35.533825826,1520.1451426,0
6.050645757,0.0002339173,1.6034337101,36.598984684,26.903978112,1582.3986335,0
10.71356325,0.0008346236,2.6574692882,37.794317076,28.356912993,1552.7581424,1
6.6358718693,0.0001326029,1.3358954376,33.782491627,29.461013069,1549.8539899,0
8.3420760558,9.35542e-05,1.4235173201,37.282259608,29.204869957,1561.5677617,0
12.851633853,2.19147e-05,1.58833456,40.766911684,26.60818303,1552.7797927,1
12.388066271,0.0001264769,1.7792646501,37.145681802,30.46165598,1477.1439486,1
9.9186867883,0.0003982312,1.1420812232,36.196515401,32.92326577,1388.0458784,1
8.0784678547,0.0004192554,0.6950887547,31.08992168,30.21947106,1555.9166772,0
11.581038753,0.0003083869,1.2515915344,33.463518582,33.986305211,1477.5924821,1
29.022572614,0.0005112084,1.6881608283,34.79174292,30.152396078,1473.9342799,1
3.7099963741,6.08626e-05,1.757155338,35.28439742,27.16828199,1594.9839262,0
5.8874816126,-3.07951e-05,1.1290661615,33.387679382,29.793692265,1517.0771778,0
9.0390768631,7.16431e-05,1.944346977,36.009980949,31.403331964,1526.4243584,1
8.2656434789,0.0002304923,1.8399161552,34.292365213,26.939817824,1581.4442501,0
8.379291692,8.4497e-05,1.5433553373,35.499049546,31.646841007,1496.0848223,0
10.648140793,2.2181e-06,1.6919845856,37.563842232,27.204500071,1505.5626342,1
9.1400828659,0.0001939396,1.6764943825,35.887344623,26.072396188,1586.3840154,1
5.7008152163,0.0001118112,1.7885404972,36.016755365,31.980643746,1526.2661282,0
17.410466274,0.000170963,1.5065635318,36.70920833,30.891375945,1507.1279857,1
3.6522129133,4.41823e-05,1.6813923422,36.503090415,25.786222599,1585.8608305,0
11.786097207,-0.0002981913,1.8235097231,36.571657794,28.118925673,1477.7819421,1
5.2964619704,-0.0002008397,1.4092294906,39.633112694,25.015213469,1537.3652645,0
6.8107515763,-4.34231e-05,1.842313762,33.850785765,33.067761875,1521.8736517,0
14.535891588,2.20824e-05,1.6021498989,33.232334892,34.203835463,1476.8672596,1
8.1579875065,6.82815e-05,1.49479716,38.094298123,24.312185756,1577.2285447,0
8.4749888161,0.0001628726,1.8598139942,35.106606428,29.86163566,1473.3313484,0
10.581739338,6.00917e-05,1.4783320681,37.902305463,26.929433103,1524.2999226,1
8.0125879566,0.0001702015,1.9722597044,38.713184095,26.665438996,1505.8042198,0
14.08923918,0.0004537159,1.110548169,35.86378448,33.160409987,1505.7928729,1
12.484110714,0.0001712755,1.7870080743,36.192116328,32.789749969,1491.1903691,1
5.8787855681,0.0001071688,1.6973607559,38.67751287,25.148443936,1533.4083852,0
16.405138385,3.73533e-05,1.5368806107,38.725621078,28.104934094,1541.9525448,1
7.2906551191,0.0002628523,1.8889588047,36.881482763,28.533497508,1547.8779497,0
10.23088905,0.0006152875,1.5035973713,38.510808858,28.350039871,1560.5516453,1
14.448285768,6.2699e-06,1.5015751229,36.456769299,29.862342966,1466.3432248,1
3.5403616969,0.0001627621,2.0502403086,37.608211062,26.832566456,1476.2229316,0
13.276138813,-0.0001832676,1.17648306,34.413724287,32.559259778,1467.9928339,1
10.26252465,0.0003399268,1.7299518742,39.647234344,28.525632943,1495.3868989,1
6.8540107616,1.3082e-06,1.1226078506,36.493775231,30.261669858,1520.0711937,0
7.6697865234,0.0001460175,1.3030022122,36.443405051,26.175564866,1582.7372652,0
10.316740887,8.47636e-05,1.6220194688,37.441092976,27.736513583,1529.0400478,1
13.749069113,8.11526e-05,1.9338161779,34.991351186,29.314208677,1553.0655685,1
11.649788953,1.21684e-05,1.3497536222,32.934054467,33.703601088,1496.5228622,1
4.629102255,4.33315e-05,1.8609415111,33.674769596,29.022681633,1555.5354104,0
16.49703393,-0.0001462557,1.2333809852,33.52482816,34.578016328,1421.5347788,1
3.194941249,3.71648e-05,1.7553643232,35.875410621,27.729861815,1558.3330124,0
2.8827399438,9.21703e-05,1.8660135708,33.73170424,26.398767462,1577.2661514,0
10.577691923,0.0004939326,1.5209005813,34.147412853,32.934796181,1551.9993049,1
7.2092269111,0.0003522353,2.0116511488,37.887453364,26.535920549,1531.3270619,0
6.8126408223,9.6725e-06,1.2847611699,38.265825924,30.532519325,1466.8879466,0
13.520977852,0.0001936445,1.8799129454,41.465440426,26.171094365,1559.6097828,1
1.2380797044,-1.82693e-05,1.667902025,32.672333289,30.568667307,1559.2679471,0
5.4116724212,0.0003242141,2.0022411078,33.892746847,26.82156449,1488.0035896,0
15.292848644,-8.19071e-05,1.2211584096,38.433947066,28.973816831,1438.1441934,1
11.772469594,0.0001281251,2.3981663059,34.28956006,31.809726244,1518.8368521,1
10.528899829,8.20444e-05,1.7980689305,38.8034344,27.01135061,1591.4150323,1
7.8852023618,5.83386e-05,1.7205187121,33.105352194,32.703656793,1496.944796,0
16.028653176,1.89461e-05,1.5835924513,38.510701766,28.431383611,1507.1445027,1
5.5118283995,9.51364e-05,1.8053216142,35.812311806,24.545812342,1584.5832488,0
10.106423054,0.0005273572,2.378444594,32.774008657,34.92868342,1471.893587,1
11.052990227,0.0002513393,1.4668389831,38.759721878,28.762352698,1532.962935,1
18.907439357,-2.3455e-05,1.6980582891,34.732117794,31.826723356,1420.0047886,1
6.3979973874,0.0002362529,2.684064235,37.710726834,28.539081627,1549.9024153,0
8.7523310726,-0.0003139311,1.2610889589,40.686420848,22.923761286,1588.8681838,0
10.247317733,0.0001144894,2.2769865375,36.790990112,30.197232191,1488.3531557,1
8.5913706121,0.0003013011,1.7253594231,39.279429672,29.505330865,1555.3307869,0
3.7095699041,7.85802e-05,1.8171755972,31.736442995,27.333629122,1533.3839692,0
13.273223303,3.88883e-05,1.4042574471,39.84876496,27.724471155,1503.9900136,1
17.375113959,3.31376e-05,1.7530838487,35.55160796,30.651923614,1529.5449196,1
9.1668465944,-0.000244984,1.095104477,33.966600223,33.011666939,1525.6548877,1
10.22478055,-9.03695e-05,1.3556519175,33.61604008,33.510046345,1520.391934,1
2.4511943901,2.68928e-05,1.9278902011,35.567818725,26.135722442,1583.0559286,0
9.1178858106,-7.05981e-05,1.4782724252,32.256751154,34.996725688,1445.4479396,1
9.7349760712,5.01386e-05,1.7235976844,39.062103926,28.632071401,1494.9510396,1
3.6663094332,-2.02243e-05,2.8762697679,34.354464467,30.67833087,1436.1226725,0
17.296042028,-8.28832e-05,0.9689056209,37.636402325,27.638079805,1530.1256714,1
5.4757530795,0.0001423761,1.6100036287,33.53897955,30.614033864,1555.64387,0
12.310600528,3.2856e-05,1.6903467792,36.997634724,27.261595171,1490.9204156,1
8.1664771089,-9.75105e-05,1.699942783,38.553562084,26.863624949,1541.3054148,0
2.2895571063,7.68982e-05,1.7233939774,33.476263994,30.079428076,1526.5318367,0
14.278856277,0.00048317,1.102281244,37.219428757,29.836254568,1422.1990482,1
7.542493682,0.00021949,1.8653388172,31.206537551,33.154808568,1557.6730736,0
5.8283895118,-4.4943e-05,2.0122088791,34.62970235,28.253114794,1574.3460538,0
15.544743385,6.61484e-05,1.6938630915,36.902455411,31.605648999,1427.924544,1
5.0680690313,-8.09287e-05,1.5675316796,35.260967974,28.493952075,1606.5845801,0
9.2434132025,9.80451e-05,1.7521055295,39.558915398,26.515499545,1563.5584923,1
4.553917123,5.3168e-06,1.3689745986,32.827267579,30.207779039,1568.9596121,0
17.812740544,0.0008860238,1.8243293165,36.081905772,30.767645558,1461.7639391,1
4.6103309078,1.96543e-05,1.5605156846,36.553637836,23.673577727,1555.7497094,0
6.8521408784,0.0001815428,1.7759263602,37.870958956,25.461768617,1506.0744538,0
7.7773600796,-1.44921e-05,1.6288745077,39.539430544,26.242012331,1594.4016942,0
13.985323074,-5.00917e-05,1.4656780454,36.451127699,32.135777561,1483.6860286,1
11.008336389,-3.95659e-05,1.8417532053,33.157849416,35.574112621,1470.9511764,1
8.0156278474,-0.000113682,1.4179109106,35.292148859,32.733689497,1522.2484755,0
8.1429027802,0.000124506,1.6550284804,37.486400327,30.469888359,1458.0810017,0
11.992894744,-0.0001041086,1.3167911829,35.115702988,32.654173886,1504.0108878,1
9.2134225576,0.0001351337,1.710956724,36.448710678,31.856278083,1465.7383053,1
17.371371621,0.0009256634,1.4272965337,38.703909989,27.141697931,1474.4947311,1
17.702330933,0.0002690091,2.0019808567,35.10646308,28.768796385,1474.2154384,1
13.967567989,0.0003727513,1.5088016121,34.554291775,35.665797108,1534.107132,1
11.424747102,5.85402e-05,1.5928419061,36.004082662,31.076219426,1461.2163864,1
12.121617159,0.0003453543,1.2801967211,39.153070555,26.447758913,1463.4592619,1
3.7567421743,5.31932e-05,1.6222917724,31.261099915,29.248272509,1558.7448671,0
7.5101229959,3.5891e-06,1.3171491779,36.80773762,28.446387317,1586.7098167,0
5.7428551631,6.81705e-05,1.6126044732,32.044686518,34.523076459,1541.945265,0
7.5695905594,0.0001398304,1.9778375985,37.137189587,26.584408941,1521.2411201,0
5.4214663049,-1.91697e-05,1.8555083367,36.405380837,24.271807519,1566.3338763,0
18.615939009,-0.0001439277,1.8932858985,36.654833721,32.559433962,1497.4700944,1
6.4146351633,-0.0001292573,1.4880449947,36.237145674,32.772462526,1482.1461961,0
8.9713913789,0.0002381882,1.6554819756,38.43782348,27.284871542,1542.0206588,0
16.174565474,-6.9858e-05,1.883866453,37.425409182,29.95827648,1519.9529668,1
9.4642325358,2.45182e-05,1.5432877454,35.249154619,28.210381629,1554.1336919,1
8.4845820588,-1.63052e-05,1.105769677,37.69373142,27.532663215,1595.6407255,0
5.3374705935,7.85967e-05,1.3747616732,34.152760797,26.7002758,1559.5008549,0
15.835996707,0.0003831019,1.5523994104,37.322782096,29.026011595,1487.3714667,1
13.74754336,0.0001088345,1.0534950665,33.754908948,33.981464022,1534.4038526,1
7.4039451928,-0.0001273474,1.5992818282,38.060729987,26.324387067,1588.1310357,0
5.640221091,4.7424e-05,1.4556394475,35.163177174,29.578430285,1604.400988,0
20.70586407,-0.0007486665,1.0871090508,34.92396541,31.747875387,1463.5334186,1
3.4019609494,-0.0002518982,1.7829537289,34.807241633,31.468432625,1588.3799778,0
2.8982434581,0.0001177525,2.0392637574,34.604228755,26.487795216,1554.757297,0
7.369830216,-6.00787e-05,1.4710508089,36.271135485,24.938444478,1574.1205231,0
4.8920002658,-7.95833e-05,1.6682191801,35.240289246,27.836943995,1602.0040837,0
9.5395668565,-0.0002396083,1.7156830957,35.226253846,32.389731827,1553.3287994,1
3.5898678881,-4.72422e-05,1.4069377932,34.765018164,30.083186272,1466.9613542,0
17.423247391,-8.389e-07,1.385575798,34.685934332,33.927854784,1443.5067902,1
10.257558588,0.0001481259,1.54398494,38.788664487,27.865097719,1531.4481936,1
16.875580553,0.0001780976,1.6365798612,35.897631439,29.936205971,1522.6138324,1
8.8720819344,-8.0064e-06,1.6489729773,37.870934255,27.033790387,1485.7612911,0
5.0663943189,-0.0001674388,1.0526447223,36.961569125,26.007917101,1559.3553042,0
20.15835823,8.47799e-05,1.688605276,33.31615325,35.394302631,1453.1534658,1
12.027909501,-0.0001827458,1.7925876707,37.465690882,28.313467681,1485.247726,1
21.734708955,0.0007172939,2.0569966098,35.393883343,33.605738142,1466.7639457,1
13.602570054,-0.0001301427,1.3148049691,34.165054665,32.301532072,1518.041649,1
6.9607555312,7.19075e-05,1.9721134129,35.149691816,27.344097358,1589.9029443,0
7.1381922576,-0.0001053834,1.5220720781,37.290136794,24.528301816,1554.785064,0
7.0356810713,1.62443e-05,1.8569477613,40.03317911,26.214415694,1602.2149482,0
6.873279266,0.0003302255,1.6470030041,33.559648083,32.531886647,1483.3374299,0
6.5741051147,-4.82786e-05,1.8095614719,37.889512577,27.943690393,1586.681982,0
5.0653493722,8.20003e-05,1.5763855664,32.698476689,28.55688504,1566.5816633,0
11.077253439,7.99604e-05,1.6962008001,37.665375515,28.343224047,1492.1250906,1
14.800402308,0.0003174613,1.2565024163,34.696681194,31.613541745,1498.319005,1
6.1704334669,0.0001010509,1.9049341079,34.263946046,29.597631517,1497.1250243,0
4.1399928751,0.0001145388,1.759168999,35.854652082,26.13439457,1560.3943297,0
7.2145720503,5.09204e-05,1.5436692058,37.998244558,27.918506421,1540.0456502,0
11.251447285,0.0001425584,1.8802590109,35.920308123,28.049974261,1552.9119408,1
14.8009745,0.000245097,1.3792129255,34.225837383,32.64141167,1567.0168631,1
2.9969068972,0.0001275133,1.3238410157,35.990130234,27.592039204,1591.5821365,0
2.7474373617,8.2114e-06,1.5988291584,35.689952034,26.194577004,1584.3650544,0
11.252108244,7.14782e-05,1.4234454896,40.574883756,26.385594986,1585.9927205,1
6.8666261846,2.26059e-05,1.4360688647,36.416270358,30.297147452,1503.623279,0
8.1932557619,-5.08677e-05,1.5060877472,37.841157447,29.211272395,1470.5745112,0
9.4898920455,8.82672e-05,1.2304867013,37.699733293,29.799384151,1468.8209253,1
4.7421151036,1.8031e-06,1.8209118727,37.832163074,24.655429749,1545.9128767,0
3.390995335,0.0001187339,1.6034349859,34.051466072,24.267749773,1575.3642544,0
10.669755022,0.0001748184,1.8950651533,37.3561782,28.308601712,1525.3938914,1
12.590127446,2.4444e-06,1.8623869912,39.467057219,27.022764227,1550.7349413,1
11.251214693,0.0002775516,1.895700518,37.671848077,29.529756678,1442.4402476,1
11.6027746,3.4518e-06,1.3956576735,38.016976262,30.823784145,1432.4251531,1
12.486481135,-9.3482e-05,1.6438146949,37.11657661,27.695353919,1504.2260406,1
6.2633292305,2.59726e-05,1.5106856007,37.78310065,23.858040445,1562.9195731,0
9.9598312641,-0.0004806443,1.4869662377,36.19054483,32.134817832,1466.5988155,1
6.7674525892,-5.22362e-05,1.2937278605,35.659963497,28.166554404,1577.5573952,0
14.35150782,8.57289e-05,1.4009863066,37.337139005,30.245631729,1420.4472749,1
9.3519668681,-2.9166e-05,1.5260567925,33.482547957,34.55644144,1472.847168,1
6.117924716,-0.0002366992,1.1527058564,38.118200538,26.581604066,1529.833007,0
5.5655876776,0.0001024922,1.3946297341,35.456656926,26.711209655,1590.1087587,0
12.627458214,-0.000134502,0.9128902352,35.114924567,30.588542387,1480.4309289,1
8.0007512577,4.2421e-05,1.8299831817,38.782278233,25.171424097,1583.9056974,0
5.5741449391,0.000205989,1.4765038031,35.804363816,26.165116871,1597.701031,0
22.42508703,-0.0001186708,1.616592684,35.465031952,30.206009184,1525.8006577,1
3.8063091973,-1.31553e-05,1.6779247041,36.227491333,27.211174217,1603.3039511,0
20.590684647,-0.0002426352,1.0707951011,33.967369582,33.15882376,1411.864564,1
4.8438788417,0.0003029677,1.6619080915,35.953351888,27.956327712,1587.0041549,0
8.85078991,0.000344865,2.3373781609,37.288760774,28.212503397,1509.5123928,0
6.9595745752,6.43507e-05,1.6164789554,37.704780778,26.779776552,1525.9836367,0
15.94660983,0.0002093366,1.4674741035,35.618506605,30.344082525,1463.7278522,1
8.8237074249,-0.0001085818,1.3139827217,33.709884434,32.57403001,1504.342053,0
11.064426614,0.0002837156,1.8611366878,35.684743305,30.192189133,1526.1734023,1
7.6287115706,-5.78835e-05,1.5737158669,32.998141856,31.493072416,1574.4658094,0
19.537020436,0.0004987981,1.1195028687,37.042149317,32.797251393,1443.3011123,1
3.8955732871,5.15075e-05,1.257472659,32.39602302,31.969849742,1569.1029085,0
11.540302633,0.0002747376,1.4387920114,31.357206714,35.720836147,1506.718976,1
12.298856669,1.84842e-05,1.5738222746,40.251993927,27.460719129,1469.2471734,1
19.702645937,0.0001914156,2.040175126,29.776863778,34.812561664,1455.3295637,1
4.4168570587,-9.79331e-05,1.3414044353,30.176119927,30.013755901,1510.7817561,0
3.2217698277,-7.74057e-05,1.480167491,35.833149696,32.961625338,1519.0222666,0
2.1081832256,6.0192e-05,1.596185661,35.322498698,27.868613837,1545.925985,0
12.04967013,-4.14711e-05,1.6610793681,39.507233789,29.854142391,1473.3668338,1
4.8430258228,6.54273e-05,1.7859171673,32.43864037,29.747548463,1545.2249671,0
9.0581941348,-5.85887e-05,1.5853798542,36.196099893,31.09461612,1453.0693679,1
9.1781390277,1.1686e-05,1.3004578165,38.355142708,29.241733929,1460.8204355,1
8.014751291,-0.0001783462,1.6460124273,33.61215555,34.331008107,1509.0846368,0
11.579405019,0.000147196,1.6832394107,38.003423108,28.68299401,1522.4157011,1
11.753084936,-9.49294e-05,1.4894394722,38.509879596,27.162424203,1521.3301364,1
12.167342546,-2.13208e-05,1.0734864866,38.433377707,28.894947834,1496.3226798,1
10.896690745,-0.0002784688,1.3071337855,39.792123721,27.056567519,1584.8459575,1
17.995932417,0.0004921271,1.6265095881,34.524709073,33.773892814,1487.3360957,1
6.6719816706,2.22417e-05,2.1042382521,34.608313847,30.680069499,1556.2207823,0
13.834348128,-0.0003987594,1.1512929808,37.067388259,31.518737153,1464.8681305,1
4.4002197686,-4.9624e-06,1.7397348374,37.047525163,26.8559913,1563.9653731,0
1.4071661902,7.69291e-05,1.4919538891,34.334039125,24.175224195,1545.7791266,0
4.1912517928,8.46545e-05,1.670512626,36.57921025,27.237264825,1586.9991021,0
3.8556575251,6.42398e-05,1.9805189655,37.188786829,26.537721145,1537.5087782,0
6.2827474097,8.5713e-05,1.6249914461,37.565762366,27.709582609,1507.4954561,0
11.224315305,0.0001754254,1.6513513426,40.414005654,26.664929946,1479.5153711,1
8.71697657,0.0002988194,2.4253371737,36.244080955,30.573283748,1557.9906386,0
2.5978850153,2.53072e-05,1.4516687549,35.990215512,27.078218304,1600.1983998,0
20.771319344,0.0010888039,1.9392254931,32.568972774,35.38940055,1464.1371597,1
9.4353965392,-3.6678e-06,1.442335028,38.123461873,27.91748828,1546.3497651,1
11.597867704,0.0001059308,0.8982761812,34.144110897,33.812568776,1499.6664534,1
5.3984134163,-0.0001082178,1.2730819615,31.686980472,34.795538288,1541.1800296,0
8.2423445397,-6.81649e-05,1.5074590629,35.746904145,32.249453322,1512.6271656,0
8.0626522194,-0.0001714016,1.396649255,29.531417466,38.134525802,1499.4569805,0
2.2983153054,1.67791e-05,1.5865417786,32.176724183,28.912626547,1560.6611941,0
11.192017643,-0.0002664138,1.0856174297,35.567624359,32.423890395,1420.7632994,1
9.1183604071,2.30047e-05,1.3966282908,38.046827732,27.353581484,1570.4856286,1
6.9576954222,0.0001266076,1.5769745837,33.045093641,29.913973936,1575.9455704,0
11.565541934,0.0006093768,2.4380621383,41.069235247,24.597763781,1552.5430908,1
6.5443431718,-4.04798e-05,2.1230000991,31.471164331,31.68867474,1592.9225162,0
10.500555285,0.0002870215,2.2706960045,33.810588806,32.659577023,1476.5731613,1
16.686059438,0.0001299002,1.7108821864,35.638800769,29.863091855,1466.4537822,1
11.02115411,7.03e-05,1.2818676,35.811733013,28.881225273,1521.3613466,1
8.5639615266,0.0002361921,1.5046205564,33.685553121,29.971028842,1579.7297051,0
6.1114497551,0.0001265061,1.5226884892,39.036914532,26.379292955,1563.3758961,0
8.7373593417,1.1978e-05,1.8040623423,37.24765352,27.492853156,1537.1508618,0
10.948324954,6.67296e-05,1.6486361995,36.164591689,32.652532934,1446.4606256,1
5.030102763,-1.12739e-05,1.6605570877,34.812517595,33.180109894,1528.9029368,0
4.9068173537,7.33281e-05,1.3793604573,30.760980606,35.46678155,1550.7985449,0
11.950565418,0.0004114449,1.8730997844,38.247936065,27.281466844,1549.6193142,1
5.5103769569,3.70045e-05,1.5249470675,35.230977634,26.767261003,1605.4288351,0
8.2110582373,0.0001922256,2.3857401699,34.33572046,26.751658476,1570.8372616,0
4.3675381965,4.79218e-05,1.5841581565,34.584757569,25.256735532,1550.8593937,0
17.48677438,6.4324e-05,1.3903995322,36.085459022,33.00540667,1445.8632019,1
3.553751452,0.0001271368,1.7635023671,33.171049597,23.872878558,1561.1747467,0
4.3136235482,0.0001057725,1.8462408692,32.110338277,30.784146761,1545.4297692,0
6.7810474258,-1.56048e-05,1.5155456815,35.182414002,31.183308065,1530.3049265,0
7.8337959276,-1.55915e-05,1.5276296846,38.607519408,28.309575813,1537.0559835,0
1.3983530156,0.0001201807,1.9707364179,35.781063891,29.996946602,1539.1139736,0
14.161076527,-0.0001529837,1.2264255767,35.301297186,31.129784807,1496.7025502,1
5.8100282044,0.000154351,1.8176023797,34.488110101,31.968301355,1498.1406992,0
6.1817042521,-0.0002092822,1.8521767356,34.449025541,34.638595951,1511.1734368,0
4.2402813637,1.31385e-05,1.4865245888,37.334596705,26.24484277,1570.0375035,0
9.7991429819,-6.54967e-05,1.3095028831,38.401769807,29.57810646,1498.0291511,1
8.4110920234,-0.0001565742,1.2721514609,37.136513226,30.342541083,1506.3082211,0
11.887693099,0.0004213873,1.1760379594,35.765990527,29.607488467,1481.5952283,1
14.7479943,4.3113e-05,1.964947905,35.64993811,30.916098661,1541.2110293,1
8.7400954736,9.70267e-05,1.4929500034,37.126559478,26.445185606,1567.3810759,0
15.251666591,0.0001915898,1.3158862622,37.743405035,29.577284956,1571.1317047,1
5.8033428968,-2.46133e-05,1.5954314516,35.177412442,26.968888781,1586.787159,0
20.270408618,0.0005458915,1.7477285381,38.923200399,27.403885154,1557.3201136,1
14.242185974,0.000155776,2.7618652844,34.312835968,32.923505124,1517.4338335,1
3.1529594878,7.63599e-05,1.3233418856,33.367919823,27.628096023,1572.2903349,0
13.666340672,-4.22444e-05,1.2959598766,36.894013374,30.468670858,1578.441996,1
20.394990964,0.0007489769,2.0310539678,36.189928571,31.704315226,1397.0601055,1
19.170539534,-0.0001567728,2.0060340031,38.501101652,29.861231488,1489.3313613,1
10.43954705,1.54282e-05,1.6819619403,36.747539311,30.348822542,1502.3466252,1
16.694742024,3.04853e-05,2.0163061783,33.195831445,34.008682027,1486.4803618,1
15.252993423,0.0002346019,1.3098874883,38.711960014,27.376198103,1486.7461482,1
8.263642205,0.0002870719,1.8288914692,34.533982049,28.600948684,1500.5908827,0
11.540565669,9.92906e-05,1.7689077382,38.601853456,29.988074606,1495.9776019,1
8.5226575181,0.0001197246,1.46316476,38.887576731,26.38645906,1597.2708349,0
6.1837809234,8.63752e-05,1.7851963229,35.081705806,27.32401566,1607.7275892,0
6.6788079928,3.56061e-05,1.705976861,34.550193868,25.697990159,1573.1514391,0
12.074205069,-0.000162938,1.8014874796,38.533610655,27.57448148,1473.9754349,1
5.5771843037,4.16323e-05,1.8344289157,33.709377114,30.170898258,1576.193462,0
11.633327926,-0.0002220541,0.8236977164,34.483128959,29.969511271,1492.5917594,1
9.3427679662,1.75943e-05,1.5511313835,34.640191373,29.123228774,1580.1974639,1
21.232045899,-0.0003976717,1.3662475386,33.55828378,34.439366999,1432.3419018,1
18.778014649,0.0005244986,1.877782771,36.316956876,32.19398121,1437.1633879,1
5.9266393914,0.0001165479,1.9733487229,37.515537724,24.281220719,1523.3768324,0
4.441440876,0.0001154117,1.8033623778,38.611505791,29.376252897,1576.8584045,0
11.041002083,-9.46928e-05,1.4370523875,32.102459904,36.721239878,1482.7490587,1
3.5000930105,0.0001538011,3.0635368242,36.983287005,26.481604603,1557.9296115,0
8.9580970413,0.0007012354,1.7831274438,37.048857943,28.325713139,1514.7746879,0
7.3077313774,-0.0001616383,1.1919138562,37.315713646,27.30695492,1596.5758955,0
3.8018006447,0.0001554623,2.2455495368,34.246963278,30.390104348,1573.7747528,0
4.9038963953,-0.0001150093,1.6370820022,36.780769271,25.11846079,1579.1897811,0
11.807638895,-4.3174e-06,1.8811631079,37.866319977,30.139492301,1504.6039897,1
5.6380953345,0.0002950106,1.8779813693,35.538530996,28.057219237,1531.742189,0
7.179337069,0.0001452327,1.8305988681,36.299540057,27.779623989,1559.7532859,0
15.223937295,-1.26072e-05,1.4246189444,35.233016593,31.766933184,1439.2344909,1
14.651402028,0.0002062128,1.3868014756,34.333738574,32.553676599,1487.4185914,1
8.946658535,0.0001940859,1.5561236514,34.743759219,30.801227024,1511.9580099,0
5.3365284943,6.39604e-05,1.7776017107,33.77010538,29.693367392,1536.9274875,0
7.5644308004,-2.91289e-05,1.2277462339,35.696535465,25.303827105,1577.2984849,0
8.5355309574,1.64085e-05,1.5709843555,35.090655873,27.124230628,1582.8369058,0
11.215921224,0.0001627295,1.6273586299,39.0102453,27.240514587,1491.1882137,1
5.5048178721,5.51953e-05,1.6280316197,37.831278435,24.976356721,1563.0639148,0
9.9468775202,0.0002390739,1.9018746029,38.568308453,28.220636016,1490.9683512,1
4.7697692113,-6.60714e-05,2.4679971936,31.184329262,31.984430835,1552.9793048,0
12.416639226,0.0001211821,1.613084938,34.203801856,34.264680586,1443.0867932,1
2.6932992839,0.0001028883,0.9553239855,33.16626785,26.725960107,1594.9761718,0
12.665239499,0.000139306,1.3123284591,39.189825544,28.187193593,1556.2251438,1
8.8701039808,0.0001715694,1.6382543323,39.643835035,26.720446847,1508.4560997,0
7.2269744056,-7.7133e-06,1.5342588153,37.37023181,24.185745659,1580.6954981,0
13.657876266,0.0007513188,2.237710442,37.316944049,27.017181653,1559.8740711,1
12.524720271,9.403e-06,1.7770602279,37.536124184,29.450555069,1529.8400168,1
12.841768182,-0.0001484587,1.6533656442,35.984968357,30.997828165,1566.9545243,1
8.4044726331,-9.20503e-05,1.5629267792,36.21316851,31.272043434,1495.3132002,0
13.770548389,-5.80228e-05,1.4025133025,37.576837171,31.24170375,1433.4848813,1
6.0359262059,0.0001595282,1.9478570881,33.564541038,26.847200342,1585.8818561,0
7.3832697858,-0.000355303,2.2573560554,38.460414205,26.543971164,1581.3329497,0
10.163627455,8.31362e-05,1.3266115717,39.153152605,24.999418542,1510.8756868,1
15.048732781,2.24435e-05,1.670730571,37.321353888,29.447847549,1452.0833979,1
11.490028786,-0.0002120173,1.4536556637,36.897619283,30.860719604,1610.0500601,1
7.2398608658,2.58705e-05,1.5920358372,35.299829217,30.443592923,1572.068864,0
5.0128932695,4.91955e-05,1.6768225397,32.687561761,30.854987204,1559.054648,0
10.31359192,0.0004757219,1.4404037468,33.015066872,33.311377655,1506.3250317,1
14.456495305,-2.83739e-05,1.4288246129,34.592812995,32.747050506,1468.2220642,1
13.517361093,0.0008485041,1.9555651337,38.915680579,27.605901648,1472.5521487,1
5.319413382,8.05401e-05,1.950680238,34.90666717,30.008133036,1555.8125526,0
15.221029953,-0.0002252953,1.414569572,33.572511955,30.79580812,1499.9793064,1
3.7602812364,0.0001717546,2.0672236952,37.126817411,27.509057585,1480.9232092,0
8.230965065,0.0002001866,1.4809416845,39.0137084,28.495330185,1526.69022,0
19.655527048,-0.0001909512,1.6006882672,34.314278725,32.636754077,1458.1307253,1
22.569872158,0.0002175559,1.5959108949,32.036907399,35.516636086,1498.9197584,1
8.8515508745,-0.0001136488,1.7967048248,37.681346158,31.484658115,1505.4838436,0
5.1874497842,0.000360835,2.192438064,33.570055634,29.572926745,1496.0543736,0
14.645132957,8.69911e-05,1.9013760799,38.437454645,28.281039334,1393.3005867,1
13.009577955,0.0004849428,2.376174988,39.848121296,25.968567467,1593.4330939,1
5.978756275,0.0001004854,2.4856527573,32.279259406,33.471391004,1540.5017953,0
4.3826116089,0.0001126909,1.7364978306,32.836437294,27.722172951,1556.9733459,0
6.5756607417,0.000154734,2.1220237111,34.777354674,29.631304282,1576.3256769,0
14.514803755,0.0004859867,1.6715487873,31.856808519,36.182191708,1434.133549,1
9.1104942889,0.0003214508,1.3692645093,36.549192435,28.981939479,1509.7064546,1
6.1720318595,-5.42175e-05,1.422222738,30.354837148,32.016097348,1610.37248,0
17.80515153,0.0001880399,1.7795227112,35.072745529,32.371485741,1476.6293801,1
3.359312675,6.23262e-05,1.6346843845,35.405508331,29.155219154,1565.1856207,0
3.5730960389,0.0002680646,2.0261866251,33.603765497,26.840374444,1560.9210765,0
16.154630299,0.000247908,1.5052540221,35.602142125,34.170714585,1452.7738095,1
8.3061932562,7.5721e-06,1.7478937609,36.612545866,29.487936769,1583.2037361,0
4.5423724166,-1.8156e-05,1.7732509904,32.114620261,29.585422283,1580.4672173,0
9.1934211393,9.85993e-05,1.8450104204,34.943422562,31.218983448,1566.1281125,1
6.2736818054,0.0001830702,1.9304933137,38.637324225,28.21954938,1521.3522745,0
10.656271708,-8.1368e-05,1.5176071677,32.96978245,34.231450272,1461.0803513,1
9.3537617197,0.0002910687,1.8343929264,33.607257205,30.151790869,1558.3432637,1
17.296477266,-1.16236e-05,1.1546602914,35.636277543,31.419730334,1504.1850794,1
10.921345119,0.0002763045,1.4664064429,30.819877871,35.980197606,1500.0042888,1
14.082796173,0.0001581196,2.0440905834,37.399285855,28.191604205,1503.1433673,1
2.5447180138,1.57338e-05,0.5125086469,36.223506193,29.938930405,1458.229151,0
7.3793668486,3.1159e-06,1.6753404737,35.732569966,31.12131782,1535.5088209,0
19.235006824,0.0001346386,1.2788372074,34.097497604,32.768734349,1430.8558772,1
4.9479294197,0.0003491398,1.5978450475,32.024658203,32.485576293,1539.8182379,0
9.9839065693,0.0001280634,1.3320193709,37.182482213,31.228602759,1434.7501516,1
11.068858325,0.0005805153,2.1441077131,37.694019738,29.832380894,1494.9019252,1
8.5245531124,-6.52516e-05,1.1673485048,35.199357679,32.398156625,1481.3616758,0
15.91290931,5.30451e-05,1.8786568919,37.031248384,31.74555801,1486.5646753,1
5.7445865035,3.68333e-05,1.3605706232,33.948030133,28.40476916,1577.1975824,0
22.729987776,-0.0001907298,0.9278678035,34.124404332,33.606611562,1534.995386,1
6.2029004515,-0.000236274,1.2511059859,35.4268856,27.080523801,1580.4680198,0
6.0021783538,0.0004848749,1.7668372162,33.036777021,26.083334183,1572.2073053,0
9.8375907443,0.0001062789,1.5804253083,32.899924827,33.066790162,1570.9880284,1
13.948507299,0.0002423347,1.4800278323,36.191859771,31.008779825,1489.3964069,1
15.040936886,0.0002551494,1.5567127769,36.940594748,27.873909863,1439.6315541,1
4.6219116179,0.0001191947,1.7342861682,34.188063629,27.120148229,1591.1853947,0
10.437689645,0.0002415004,1.5053880361,33.330313773,34.786245,1450.3567153,1
6.4538481927,7.99541e-05,1.6333288883,37.17529503,27.119484414,1568.6595876,0
2.0128858823,7.86126e-05,0.9253628423,29.969897841,35.180435324,1518.5946157,0
4.3281075871,7.77743e-05,1.7938608246,36.009856574,27.974280085,1588.5344635,0
9.5869684026,-0.0001314138,1.577957185,36.311221056,28.977809238,1569.0506655,1
8.0018052323,4.3664e-06,1.2478992328,40.418927876,27.387574669,1502.2852608,0
5.7847518554,2.10001e-05,1.5507514245,35.580600373,30.74741263,1511.5836837,0
6.7540183508,4.91419e-05,1.9120908073,36.488126856,27.938970367,1566.0070503,0
12.17129799,-9.16556e-05,1.3759628584,38.292361956,28.252390245,1510.1689625,1
9.5614188577,0.0002253692,1.6994976609,36.40381654,29.361822051,1477.0219681,1
5.2717063018,0.0002059822,2.073000606,34.033378975,32.414377397,1498.812173,0
11.487856327,0.0001899892,1.2194943031,36.108036518,32.346354625,1489.6298804,1
3.9643228553,3.32647e-05,1.6591500607,33.613960165,31.54855691,1592.1541904,0
10.943480372,-0.0002834766,1.2106270636,37.885816927,27.935257953,1512.0313482,1
7.7916786519,-1.71416e-05,1.6920816973,34.254765567,32.348654068,1571.9736383,0
11.94303681,0.0002525618,2.1245254151,32.794327543,33.351732412,1524.6707437,1
9.2499269241,0.0001719603,1.4747832835,34.614088901,32.413910585,1589.0369792,1
15.378827169,5.07999e-05,2.1624622536,33.254376216,32.887189322,1467.0399627,1
4.618251498,9.34339e-05,1.5525319663,35.331180346,23.585927606,1564.5500367,0
5.6543485219,0.0002491755,2.0387992851,32.093938604,29.336904351,1516.9519792,0
8.8319238554,0.0001470044,2.039376588,40.391015418,26.042492197,1553.1665115,0
16.762710691,-7.34591e-05,1.9160102519,35.523550368,32.589173942,1424.9435478,1
9.0842987393,1.08726e-05,1.4568405853,35.446047604,33.33713454,1482.037033,1
3.8426585518,-5.00086e-05,1.9330328089,34.142474917,29.080418579,1603.0327847,0
6.1062640761,-0.000140713,1.1421236047,39.488040246,28.754320969,1540.9161873,0
3.2163192491,5.77158e-05,1.5958942032,29.81445551,29.935393328,1524.0726541,0
9.3447504401,2.14354e-05,1.7164268912,34.346174884,29.34635943,1592.7837004,1
10.448098396,0.0001284642,1.8264116563,37.018769594,29.628581441,1523.9052852,1
4.4332710858,-6.7224e-06,1.5795141381,37.783351679,23.25984948,1563.7187546,0
8.8980874516,9.10936e-05,2.1618470833,36.385115891,26.805384036,1507.4979944,0
13.356107847,0.0002466292,1.7898120665,36.548739231,28.411966501,1456.7394036,1
7.1307701965,-0.0002102745,1.4367710876,37.047786812,27.288362189,1590.3114882,0
7.3400272225,0.0005160181,1.400356833,31.903902201,31.616044959,1556.984784,0
3.407321809,0.0001029449,1.5597060627,35.26645044,27.677083099,1575.2603233,0
7.584979364,-8.42995e-05,1.4108844264,32.937902786,28.341978869,1587.3633311,0
6.2162455731,5.48795e-05,1.4429831306,39.288461238,24.822634091,1566.3898276,0
13.590623184,-0.0002154465,1.5885082653,38.654343786,29.138530833,1427.0044389,1
8.1415144484,0.0001486425,1.9282603131,38.391796356,28.63605369,1547.0694081,0
2.7254183954,0.0002424448,0.6828401016,29.006780905,34.678288454,1573.4229033,0
11.6514658,6.10157e-05,1.7082295021,36.315886484,30.687801278,1493.4524352,1
4.7012109139,0.000361544,1.6071717893,36.087469101,27.59496608,1569.9277005,0
6.214238787,0.0001231375,1.5504929162,36.456132164,28.532439259,1507.7778857,0
5.2043559665,0.0001572461,1.6645046994,30.082242178,31.053670241,1562.0906557,0
3.7357090139,3.6761e-05,1.4938489825,36.306959489,23.544139669,1561.4451724,0
3.0156948272,0.0002311408,1.7832615983,35.815361212,24.280379043,1563.7720228,0
8.5544959963,0.0002807297,1.5949962453,36.231591417,29.859377005,1557.7999248,0
12.682805279,-0.0001518169,1.3959208424,37.979701907,27.891978057,1468.9963831,1
7.1959404428,7.71453e-05,2.1324558098,35.655563434,30.245076382,1457.0402833,0
8.5054471107,9.34156e-05,1.6859663099,34.194076608,32.676781559,1554.3798956,0
7.6907287477,4.40544e-05,1.9872751231,38.590686486,27.194600172,1605.5988708,0
13.244211875,0.0004466845,2.3714366022,36.323151632,28.23553089,1494.0070026,1
22.089295473,0.0001323224,1.5644105704,31.454430488,34.445176428,1472.5798286,1
6.7357614659,0.0001361215,1.686692713,34.515948761,27.647757205,1546.3849761,0
14.243081178,0.0001830539,1.7460436173,37.058888529,28.892704182,1489.464285,1
11.84762511,0.0002292071,1.3863858501,34.231400462,33.949200057,1495.599531,1
16.68101644,0.0003103455,1.4073609507,39.16986135,27.250768748,1552.3293738,1
7.8246004438,-0.0001174285,1.4749626577,39.502841819,27.629026422,1560.1822013,0
10.02114438,0.0002108554,1.752011912,37.750677167,27.242252304,1536.2625904,1
11.328528988,6.46822e-05,1.9551563432,38.064956083,30.510317154,1455.2788136,1
8.2086726885,2.77983e-05,1.665318453,36.739386846,25.986574175,1599.1545742,0
5.9462121878,9.50443e-05,1.9756894565,38.897930528,25.894717783,1564.4044034,0
8.3787606375,0.0005631862,1.5589314747,35.074698881,31.929022929,1505.9194036,0
10.251347204,0.0001136399,1.6481482823,34.343228593,33.511940293,1474.468537,1
11.749445005,0.0001244097,1.9875330707,36.202394747,29.076390607,1482.5789717,1
16.582375625,-5.07557e-05,2.2936214584,34.743330169,33.428487143,1478.2450323,1
12.768155552,7.79574e-05,1.6741536241,36.286232497,29.932782956,1560.7636156,1
9.6167665767,-6.42991e-05,1.4148542476,37.498940593,28.441166282,1536.4552899,1
6.0771539465,-2.04234e-05,1.2749683758,35.863475578,25.671726433,1569.0645539,0
5.9165039911,9.255e-07,1.7786286326,33.505953461,28.20982762,1564.2422448,0
10.779227656,4.19791e-05,1.4973867657,39.759666751,26.55447044,1571.1065909,1
14.411944627,0.0002291225,1.4355935962,36.327805845,31.452218726,1487.4961816,1
2.2108042531,-1.56941e-05,2.6617911553,39.955121122,25.212632567,1571.6777197,0
8.1008096023,9.9604e-05,1.6185168779,33.902719838,34.511434531,1542.5328678,0
6.5623876034,-6.7629e-06,1.4295184229,34.554133262,32.144659729,1552.4895821,0
13.788012357,5.11656e-05,1.3442206194,38.947908829,28.724724364,1514.1409638,1
5.3688482391,3.14468e-05,1.4988897193,36.276504086,29.184658582,1598.2643767,0
6.4595340505,0.0001527297,2.0282352591,36.357631379,26.180133669,1566.6945543,0
12.048661252,0.0002460741,1.5749310052,33.060540076,35.289703146,1445.3719009,1
6.1559743015,0.0001026058,1.7389365443,36.048340408,28.220459757,1554.1438244,0
3.9959321179,0.0001415772,2.3496958851,36.527134251,28.45285942,1542.8754065,0
13.772401642,5.82303e-05,1.4885426395,38.717989058,28.77803726,1514.2737047,1
11.707111207,-4.43776e-05,1.5490874165,37.10258297,32.600488585,1486.8180044,1
10.909760212,0.0002447541,1.4490704714,32.325559299,34.605762076,1477.7829935,1
10.766599051,0.0002235348,2.1278004786,32.786342036,33.013525242,1529.3288287,1
9.2871748218,8.45534e-05,1.589370889,35.354782412,31.974962041,1545.5543083,1
9.709162417,-5.5262e-05,1.5173570567,36.353056932,29.016411642,1607.5235705,1
10.496689376,5.87869e-05,1.5098691472,35.143386983,33.227419952,1509.4570895,1
6.6448317,-1.95618e-05,1.6068363824,35.181811731,26.601549342,1590.9746987,0
2.3126570477,5.48195e-05,1.015584792,38.299672989,28.868480644,1590.0365459,0
9.3146657762,-1.06005e-05,1.3755001228,39.940530419,26.832923348,1558.6594915,1
14.979399941,5.10785e-05,1.6563337253,39.195515358,26.426764374,1443.3008782,1
7.7087771732,4.71369e-05,1.5744604846,33.72837683,33.099047683,1482.3636454,0
8.0238054106,0.0001512376,1.4635289849,37.304765807,28.488195499,1578.0774605,0
6.0872214085,9.53916e-05,1.3686002915,35.538516998,28.974796049,1606.464099,0
9.3266171713,0.0005741825,1.4853232778,37.123201804,27.506109762,1568.9891001,1
13.299914026,0.0001871527,1.6413785094,34.249546025,33.386778359,1477.6786022,1
7.1202122432,8.15879e-05,1.6260258962,35.94401766,31.290335589,1506.2709133,0
7.4728848502,-3.88892e-05,1.4809645738,37.411368083,28.459783576,1535.0887084,0
9.0970216202,-0.0001100783,1.0959808302,36.286947351,29.828045193,1450.609434,1
14.292870642,0.0003898688,2.0987233202,35.016992007,32.670677029,1470.2615786,1
16.614209163,-9.94007e-05,1.2074663745,35.322037452,33.930661383,1489.9573344,1
13.033739256,3.53671e-05,1.0915752314,36.367592736,29.663065647,1405.7985926,1
14.692938894,-1.41379e-05,1.5215419098,38.175158984,28.459856469,1486.1715071,1
3.0223008817,0.0001083574,1.3119327104,30.794006415,30.656977838,1466.0689747,0
11.640461956,0.0001640855,1.8833345181,38.505596333,27.349727304,1526.8872196,1
7.2725935741,-0.0001173484,1.696680171,35.177312903,30.533707361,1536.8685712,0
2.5957345149,-0.0001088041,1.5102927814,35.886654953,23.930382233,1572.5865912,0
6.205186036,4.12154e-05,1.6661252296,36.397760815,23.568806553,1557.3894257,0
14.5762426,-0.0002135915,1.5405463217,34.224515843,33.079254648,1510.9998507,1
9.6453452052,-1.50623e-05,1.5871771528,34.024541707,34.854002165,1466.4584418,1
12.615033896,0.0003526535,1.2708015102,34.728461069,33.963874094,1446.5079801,1
3.9945156725,7.25107e-05,1.5698210301,32.661786512,31.062415436,1560.7273806,0
22.876956989,1.15542e-05,1.8388900213,33.657952718,32.712466669,1448.3114412,1
6.3050373806,4.06272e-05,1.8299556209,34.345157214,26.485591089,1573.4402629,0
20.915338965,0.0006205354,1.7300371549,33.688800566,32.954613215,1446.9103136,1
16.370032859,2.04768e-05,1.1187456972,36.103182088,28.070231761,1487.9912751,1
11.193325871,-0.0001543548,1.4282430975,33.465583974,35.04162345,1484.4871819,1
11.739597978,-0.0001284332,0.8997989029,35.351119126,32.115418104,1490.0655232,1
13.00277931,0.0001991608,1.8685231054,34.793076249,30.148390774,1480.4005439,1
12.615046224,-5.25291e-05,1.5604662907,36.870925747,32.079725708,1449.1685647,1
5.9318464592,0.000203177,1.8346910109,36.21846894,29.108843875,1518.6673944,0
10.022819246,3.80228e-05,1.8240693015,38.474936152,29.927413051,1517.3986245,1
6.2261709386,9.12606e-05,2.0035053518,37.608304826,27.348153249,1487.9303526,0
7.2741975088,3.018e-07,2.3051031275,36.577621049,28.76167182,1546.5246877,0
3.0367607572,1.08378e-05,1.6902404834,32.676546673,30.119030038,1542.6214131,0
10.471228853,0.0002171797,1.4308321524,36.94612998,31.185905287,1484.9807615,1
23.702761152,0.0002132524,1.7710698902,33.737925279,35.053492366,1450.8477817,1
7.1937379656,8.51611e-05,1.7178317333,37.359621684,27.214238211,1535.757886,0
7.2713736185,0.0004549372,1.289399012,32.361799746,32.450011053,1532.3705716,0
3.7638200612,-2.36017e-05,1.4166313446,34.826223037,28.502561599,1564.8670678,0
4.4363639571,-2.4728e-06,1.6184490322,34.833616002,25.508074488,1545.8051366,0
5.0839960588,0.0001529904,1.7405788272,33.853349747,26.552799159,1557.2560883,0
6.5536026279,0.0003933338,1.7621538794,35.367562978,25.733794718,1534.5568839,0
4.9256122409,-9.7939e-06,1.7498818987,33.256833918,32.233620521,1590.0148431,0
22.744694646,0.0001892322,1.4925535602,34.937336457,32.089630656,1492.8022956,1
14.366699774,0.0001269318,1.7796958153,36.436900624,30.235620917,1464.039963,1
7.1268390522,4.5577e-06,1.4650975061,33.779697725,32.990334937,1539.6981189,0
16.067119296,-0.000314299,1.3200170612,38.234425311,27.233666984,1444.2371682,1
8.4505067365,-0.0001486305,1.2644394176,35.537231766,30.970249207,1598.8401489,0
11.023364938,5.42035e-05,1.7594246174,34.307698455,34.188293948,1462.6123564,1
12.027864413,0.0002579654,1.7414856804,35.487663355,31.263856124,1554.4889542,1
5.3617766603,6.51793e-05,1.8796568149,37.252470629,26.231449794,1563.408607,0
9.0047260441,0.0001135163,1.7289333722,35.018657779,30.684833445,1552.4529288,0
12.572183178,0.0002328954,1.4589003623,35.49329778,32.467966141,1449.1978597,1
5.6315011645,0.0001650324,1.5389168563,34.006290416,28.709926609,1571.1456208,0
6.6610374866,-2.14669e-05,1.4880157052,31.707963207,35.912405854,1435.8473095,0
13.946643559,-4.68747e-05,1.3719143387,39.242485388,29.910100376,1444.8165928,1
4.886453257,7.8515e-05,1.9063942982,35.238300744,29.238660139,1553.7587803,0
14.73493688,0.0001303405,1.3137773353,39.221040013,28.973553482,1533.6920479,1
4.4477265234,9.06209e-05,1.7443302753,35.493846172,28.805780194,1556.7801596,0
10.19008192,5.4468e-05,1.7316201009,33.643172188,35.589251893,1458.1781411,1
5.412308616,0.0002097964,1.9712176353,30.11558766,31.806914081,1552.5153996,0
6.3576668887,-1.08282e-05,1.545826528,34.033437937,33.969428286,1513.7307056,0
8.3593232362,0.0002566937,1.5570212209,31.321222227,36.109654954,1494.4790937,0
11.756159283,-0.0001851318,1.2045757749,37.780531062,28.200840919,1579.5522497,1
3.7002250361,9.36503e-05,1.9575043975,33.60986372,26.463147378,1579.2648195,0
11.745442738,-0.0002531245,1.1951494292,36.542924635,31.710504185,1504.3188938,1
6.9405570417,9.74587e-05,1.9806674502,29.969374062,33.68850964,1546.6844143,0
9.1618786472,4.51554e-05,1.5107507238,38.961449153,27.654125992,1516.411095,1
11.274594991,-4.52908e-05,1.4848429419,34.691986308,32.715094543,1492.7039682,1
16.360340873,-0.0001000197,1.502757949,34.401664298,32.265019589,1424.6422245,1
5.0157156258,3.6275e-05,2.0970573925,31.058492629,31.935416649,1522.3050647,0
9.7536632046,0.0001890342,1.8411942121,36.278436491,29.583041632,1478.137197,1
4.1837022168,0.0001084058,1.485040196,36.703193916,25.696770237,1567.8464463,0
10.437415548,0.0001661252,1.4157942133,37.105248047,29.286266821,1559.7776306,1
9.7414150934,5.13688e-05,1.6562578046,37.404609672,28.123254368,1471.9605421,1
7.442736563,-0.0003598222,1.2057934214,34.188183111,30.742277938,1615.2401204,0
14.855834339,0.000308039,2.5176341086,38.14854663,28.888091007,1424.8113342,1
12.871771673,-0.0002950752,1.3782572116,37.704854908,26.787637303,1533.9218981,1
2.9435945473,0.000128353,1.6751256899,33.974212744,28.335045337,1524.6600255,0
5.5491936954,-0.0001610575,1.6817435159,34.22807114,33.780660839,1487.820419,0
5.9338698845,-1.59095e-05,2.3927774362,35.970444,29.476816883,1564.6267031,0
13.302372756,1.76971e-05,1.4215324125,39.670954225,27.922000384,1461.3981872,1
5.6311846212,-8.61193e-05,1.4377139737,37.676310911,27.846074864,1558.9671921,0
9.9031896855,2.54834e-05,1.1946782785,39.510953725,26.655603584,1575.52092,1
20.507889228,0.0001393191,1.8184865019,35.284298921,33.707703431,1473.2287148,1
3.3645407301,-9.0249e-06,1.6328783828,35.588899442,29.801135892,1592.4667551,0
10.203046754,2.65946e-05,1.3441368647,40.078381659,24.084912566,1571.9217218,1
13.46425337,8.90704e-05,1.515301651,37.250301285,31.631149539,1465.5839012,1
9.6076009986,-1.553e-06,1.1060674602,39.081434944,26.495311727,1571.6215008,1
7.8266121546,7.03796e-05,1.7905642966,32.502008425,34.232697264,1590.0882921,0
3.6398942131,6.51331e-05,1.3717802462,32.924960389,28.704606018,1522.7023826,0
6.8539472039,4.0085e-05,1.7206273612,35.657682973,29.686375172,1589.3787547,0
5.5497536192,8.59942e-05,1.4644703243,35.837904036,26.995280034,1559.9900148,0
8.0369126292,1.27303e-05,1.5543483118,35.30826139,31.91978007,1541.9207977,0
7.30188688,0.0001156206,1.6204680746,37.09047115,24.78880976,1558.5561652,0
13.456079689,1.13512e-05,1.5866812559,36.063156802,29.561984934,1445.3543403,1
13.123106932,7.81862e-05,1.5155616818,36.743026269,28.971051564,1488.1621574,1
15.981049276,0.0003943566,1.6616200922,39.287666446,25.835633489,1484.641565,1
5.6738736347,0.0001655723,1.9259388868,34.550724117,30.043404093,1595.7059265,0
8.6864522657,-0.0001708819,1.5941381624,40.04341466,25.509697849,1546.1779931,0
21.421802565,0.0003721158,1.3419999614,34.794611161,32.278933313,1457.7866644,1
6.2203612053,-3.92821e-05,1.7760531043,34.449377838,27.183699126,1577.9375039,0
22.690249969,-0.0004944504,1.2493777283,35.452801579,33.365661551,1477.3797663,1
9.504300255,0.0001531268,2.3681955035,35.156045928,30.504642417,1551.4440836,1
7.7307104661,-0.0001608043,1.193958539,38.226856802,28.084153657,1560.740571,0
12.953615755,0.0001587422,1.6780337176,37.412079808,27.253058602,1559.2631113,1
9.1053430633,0.0001132536,1.3034012603,33.637255036,30.17791005,1568.6216499,1
9.219641844,-0.0003836105,1.0097998817,36.993917653,30.155655982,1611.4624574,1
9.1358029728,0.0001743976,1.7613008877,35.632739557,32.256511706,1528.6652267,1
22.434191319,0.0003607845,2.3121003542,36.961997067,30.593375071,1434.9880576,1
8.7837982851,-0.0002433699,1.7302070274,37.14717676,30.927377393,1530.3301162,0
9.0917692944,8.43241e-05,1.6812699728,31.077098487,34.74984872,1469.2806681,1
9.5547878741,0.0001708357,2.1290372896,36.696111765,30.582136481,1467.9678316,1
9.3985625216,4.71735e-05,1.6809897574,33.872276965,28.669278017,1569.6659352,1
2.9338179459,-1.11185e-05,1.6241727873,34.653134305,31.034998728,1618.8535528,0
9.4921667712,0.0001435958,1.4946552128,37.388918953,29.563274741,1514.5695331,1
12.258274952,0.0001395142,1.4866386088,33.153778695,35.130969592,1458.225303,1
10.155730965,0.0002412357,1.7007844396,36.922319568,29.973894662,1520.0561172,1
8.077690378,-7.65835e-05,1.3046227584,38.100131305,26.642738703,1513.9383672,0
4.0955901152,-4.4918e-06,1.8333697614,35.214970129,24.732073262,1558.2377813,0
12.526246925,0.0003989333,2.1296144792,38.458560417,28.472486752,1533.8072285,1
9.0774464358,8.0349e-05,1.6204347363,40.558764975,26.907770437,1465.7788852,1
8.6159457312,6.2179e-06,2.4649141962,32.789322366,34.069992895,1457.6583759,0
13.720510982,0.0005215449,1.4290619179,30.764860843,36.76772008,1471.9483811,1
10.36317282,3.12026e-05,1.4943494222,34.581468988,32.931013245,1460.069032,1
17.819465952,0.0001857035,1.3340959106,37.737572192,28.262699766,1461.2184299,1
11.981841391,0.0001512143,1.4890403103,38.357794624,26.888335531,1559.0953674,1
18.516131757,0.0001499024,1.1235777211,34.814921796,30.593300208,1508.3540974,1
6.1609267458,-0.0001245778,1.3097853844,39.023650879,27.605372255,1543.9303511,0
8.2692091253,0.0002506249,1.0584621904,35.523574193,32.414419884,1503.0728767,0
10.635411581,5.8361e-06,1.4714663976,34.501462481,34.701811309,1474.2070421,1
10.486815242,-0.0001191998,1.7858871651,36.606240549,32.649472878,1442.774004,1
8.8287451976,0.0001197195,1.512248809,35.332300459,30.318550097,1536.0307166,0
6.6651210264,0.0001834358,1.817934916,36.454575845,27.256344616,1557.7165094,0
9.158828913,-1.57544e-05,1.5205131537,38.715801056,27.929343165,1544.2481361,1
4.3261323944,0.0002230268,1.6815837623,32.946361945,25.066065215,1553.033888,0
12.606371919,7.99645e-05,1.6115367141,38.529836816,27.052289807,1463.1890558,1
7.2496553407,0.0001212353,1.9216479728,38.313810632,27.083801841,1500.8154447,0
13.187565886,0.0004058484,1.9215941892,40.390944891,28.941434633,1480.8312173,1
10.622791414,3.9726e-06,1.8950804057,37.790084646,28.598131407,1492.0092936,1
5.6667884496,7.85601e-05,1.6917501829,34.542774451,27.338490622,1570.4039167,0
13.036881739,0.0002201043,1.5781239844,34.941490779,33.442869677,1500.0905236,1
17.301754225,2.23985e-05,1.5291998078,34.713634333,32.188646771,1464.5057254,1
2.4475274628,-0.0001446525,1.336603095,35.692145606,29.558608626,1601.5616478,0
9.3039607693,0.000177644,2.3550290398,32.463984509,30.46466032,1471.3250725,1
9.0371629268,0.000239394,1.6712140487,39.075130502,25.95523199,1504.9386586,1
6.1481738726,-0.0001525816,1.6289066041,34.135068546,33.337698473,1512.4242328,0
5.6691090721,0.0001119477,1.9316831297,34.943909336,27.816361133,1510.1179266,0
5.6089588293,9.60836e-05,1.5967903834,36.096598112,27.157335092,1559.7133125,0
13.09129108,-5.97871e-05,1.4956054849,37.982988633,32.214506937,1426.6390269,1
10.927726077,4.94598e-05,1.7664933859,34.767912248,32.61879882,1523.0131559,1
8.0268409195,0.0002967405,2.3542179319,38.281281312,27.861936882,1539.5277071,0
2.3256769511,3.75946e-05,1.2932897668,33.109415683,31.321358171,1480.7149239,0
6.9497314604,3.8484e-05,1.5984640232,32.57277514,34.535069608,1484.5381606,0
14.787607127,0.0002094332,1.5645147738,36.486472902,31.241690855,1469.3504742,1
20.109162406,9.5737e-06,1.3716019624,33.532619424,34.00123784,1516.3799922,1
5.1970898251,-0.000106115,1.5302341848,33.579376156,31.705849001,1624.6103319,0
18.118481049,-0.0001679562,1.6152018509,36.122406552,30.993181136,1474.5381429,1
6.0950095739,7.61515e-05,1.4343748909,32.463107149,34.111094569,1584.9137756,0
10.887422332,1.77596e-05,1.4473115163,36.115597874,31.948638775,1538.1401708,1
12.187797291,0.0002555619,1.3056029833,35.084075772,34.428950529,1510.7831124,1
14.566736457,0.0001565795,1.4818622505,35.227029381,31.438878946,1504.0685939,1
3.6865313967,6.55527e-05,1.7615556274,29.215275762,33.991784492,1550.9617181,0
12.284411331,4.52422e-05,1.5320181135,35.637651897,32.776456045,1451.2131987,1
6.8655750717,7.77574e-05,1.6858993755,34.156903189,28.590402562,1566.8107232,0
9.2332448719,0.0001780173,2.1746728815,36.95674171,29.095502788,1446.4460309,1
15.012934686,4.7628e-06,1.1864076915,34.787964638,32.415287357,1528.0264419,1
14.467875101,5.55698e-05,1.5564467419,37.286528391,32.945783834,1467.0459977,1
21.057202591,0.0001080346,1.6584782462,35.406404643,31.581265535,1465.1925776,1
23.257471989,0.0005014324,1.5550824577,37.306274313,29.309170726,1409.5923492,1
3.5793525099,-2.4429e-05,1.7791326551,36.037375104,28.263367887,1528.3163472,0
13.460243661,-0.000150157,1.1284430277,33.537759351,33.836093395,1440.7529544,1
7.9974680779,-4.09498e-05,1.5638918732,38.23088563,29.55919671,1448.4850532,0
9.6377107083,0.0007064965,1.5778820596,37.146231428,28.222640479,1528.3410566,1
4.9341572782,-5.41118e-05,1.2442055227,34.702140028,28.343134635,1575.8025869,0
12.048184897,1.9134e-06,1.2280912342,35.817457167,29.712233062,1478.4767483,1
2.5654502401,7.2792e-05,1.3279961705,34.59599789,25.667006845,1559.5559703,0
9.0206566613,7.90017e-05,1.2710987705,36.507304655,30.854409398,1470.4834445,0
9.9192166064,4.3629e-06,1.4813039768,31.758204628,36.964006108,1506.4501858,1
11.484894318,0.0005594805,0.5640151906,37.166965956,28.960153917,1548.3875461,1
5.6608486746,0.000271317,1.8489725184,31.952321289,37.623164579,1455.4542645,0
17.0942359,-0.0001574573,1.1927372285,38.386890912,30.350960007,1463.4991355,1
12.44969029,-0.0001019271,1.4043364147,37.99278572,27.094053458,1556.9749051,1
7.4769743687,-3.37407e-05,1.3906950006,36.333214783,26.468357205,1597.4895967,0
7.2938284526,-3.77755e-05,1.687726578,38.063583322,27.741361526,1555.5915347,0
8.2608106551,-7.00235e-05,1.5640937126,36.823408782,31.085239838,1446.4465516,0
12.318303536,0.0001224336,1.4504617016,33.096505462,33.523869019,1508.2743894,1
9.1731363424,0.0001616619,2.1186771888,39.311931148,26.12899353,1569.5687956,1
17.374139021,-2.1991e-06,1.4271694098,36.823388989,31.79400417,1472.319049,1
9.728076907,2.29296e-05,1.4661603099,38.010298196,26.828471504,1582.2045649,1
6.2398575277,0.0002955606,1.82181421,39.916299894,24.816449106,1569.8731794,0
2.4585804858,0.0001242959,2.1545161144,31.752747015,28.278996053,1524.1458045,0
4.6895009355,3.33409e-05,1.7469939649,29.909230171,35.88574883,1442.1883818,0
6.9764442033,0.0001422273,1.5211069232,35.211622545,30.280611719,1542.9749808,0
7.6016611356,5.48318e-05,1.9674518823,35.139987464,32.2003207,1526.1412886,0
10.669703985,-3.23863e-05,2.2112422525,39.409922132,29.311258117,1494.147087,1
6.9034792418,0.0001191629,1.938011922,33.748532385,33.24240741,1503.6972749,0
9.5150385523,-7.35916e-05,1.5359664527,34.953037244,31.578729746,1485.8245612,1
7.5884158792,0.000183729,1.9977207757,37.878104295,24.993660679,1565.1475935,0
5.170157069,0.0001208434,2.6281350087,36.776197766,27.30976081,1548.4263321,0
6.6542586838,4.96085e-05,1.6096077444,35.831532245,25.562260735,1584.8023543,0
19.299878929,0.0002757721,1.2691342043,37.498254552,30.739045387,1483.6991244,1
6.7039568525,-3.50325e-05,1.6834151098,37.053617033,26.36694857,1561.3409951,0
10.347438578,-0.000267017,1.3722029478,34.946917551,29.650220373,1545.0134564,1
3.3993028526,0.0001283027,1.454762559,30.530999932,33.748453532,1596.081296,0
8.6909594329,0.0002238211,1.5741081936,36.667286963,28.048640402,1546.6687796,0
17.454095703,0.000578992,2.4885201088,31.710936834,37.379738826,1490.5820188,1
8.5462656113,8.02619e-05,1.9022577061,31.430464352,32.075124241,1556.773266,0
8.1138247542,-3.15493e-05,1.5079397387,35.05911249,32.499645332,1459.0422462,0
17.233577758,-0.0008342483,1.9855485365,33.755295782,36.007769867,1461.4266143,1
7.9226467874,9.59812e-05,1.7406690479,35.172824535,31.639248136,1515.1651199,0
6.1016682254,-2.8871e-05,1.8090171314,35.856038542,25.650103999,1567.3464526,0
13.181715878,0.000324953,1.6307820185,33.565466769,32.842365283,1519.4695849,1
5.2347547888,7.17162e-05,1.5248375094,36.305980255,27.204492372,1571.0523084,0
11.379491528,3.00249e-05,1.6640748255,36.828542357,27.841873475,1591.4284076,1
12.634512446,6.37262e-05,1.5739851696,38.247209867,28.566311407,1447.2211545,1
18.119026758,-6.382e-05,1.3339237188,35.386931216,31.220850028,1466.5064182,1
7.8101394184,-0.0001643432,1.0972348887,36.838930588,29.113110085,1559.7510592,0
7.3220954409,6.56271e-05,1.7877311952,38.15288098,28.674550683,1567.9854152,0
7.1344267283,0.0001465634,2.097451863,37.449512417,27.524826178,1558.5470108,0
4.3618755921,3.21416e-05,1.4692719185,36.66827914,27.96403686,1467.7106668,0
13.282826996,9.37938e-05,1.5930331791,33.782163383,33.507620468,1491.4318738,1
3.354355497,-2.9705e-05,1.5814649587,36.180066254,32.580435824,1537.7634406,0
3.513692198,4.03639e-05,1.6967127349,35.709820657,23.514425401,1552.8636259,0
3.1411022045,5.15466e-05,1.4603807597,34.613139527,32.047737487,1581.5463685,0
5.7741923207,0.000512729,2.3171763916,33.717131653,32.640647028,1515.0255664,0
4.9451597886,6.24212e-05,1.5258684854,31.119500315,30.712156607,1560.5497692,0
15.916125658,-3.64373e-05,1.3720414778,33.625191782,34.308900142,1512.7540283,1
10.682777417,9.48453e-05,1.407255153,36.231922796,31.666930281,1496.6715215,1
4.6318923676,-6.27433e-05,1.3303561358,37.356115809,31.279106932,1487.7065001,0
11.060927671,0.0004313651,1.7944327285,35.066433512,33.44984603,1531.760516,1
9.5312824415,6.68911e-05,1.6262987355,34.766952897,35.018127048,1504.7399525,1
8.0375260631,-5.00673e-05,1.8948007722,38.017821139,27.789205154,1566.724878,0
4.8623034329,0.0001630619,2.2701961742,37.916036158,25.668609315,1589.8506183,0
6.8988493586,0.0004129659,1.4049207871,30.786300901,29.932146267,1554.4482696,0
16.177640952,-0.000195462,1.2885927607,34.332916703,33.515914529,1528.0688217,1
11.697244749,8.78163e-05,1.4622042291,38.401538475,31.954175589,1476.4308249,1
10.738540792,7.14648e-05,1.3863704335,29.840880045,39.758304912,1480.8125145,1
11.229087997,6.25064e-05,1.1906433369,33.328000365,33.998653924,1487.2135484,1
15.041105892,0.0001733117,1.4326799049,37.401206873,31.049442739,1436.7325157,1
8.1140557482,-6.1839e-05,1.4212938237,35.409921387,31.119129489,1519.2032876,0
9.9454528979,8.13241e-05,1.6727710237,38.653839388,28.674238008,1561.2213131,1
4.839268226,-6.11105e-05,1.3082380143,34.505444503,28.991435948,1586.3878064,0
11.303072022,4.3371e-05,1.7230050485,38.008111648,30.251181301,1478.9792895,1
4.5423291825,2.5234e-05,1.8638756169,34.231567487,31.336237466,1583.3293386,0
9.3253635258,6.60367e-05,1.634396324,37.200351188,29.865700291,1542.0264737,1
12.576506443,8.11609e-05,2.8729589667,37.608504892,30.472565274,1436.4163159,1
18.240943737,-0.0002334694,1.2013174127,33.359946974,33.554757678,1498.2537016,1
10.856853993,4.59238e-05,1.465812965,37.930685533,28.806357246,1464.7539888,1
3.7009814543,0.000103411,1.310156454,35.252324232,24.593663348,1576.8463552,0
5.9109226795,-5.3788e-06,1.2888328628,35.03236403,27.649187507,1615.4203195,0
5.9730719096,0.0004289007,2.0982653398,32.595398872,31.304157402,1589.8823886,0
10.823031503,-9.7977e-06,1.5613903794,33.171899065,32.42480378,1564.476686,1
8.5426441377,-0.000151573,1.696695248,38.525258872,29.090414528,1495.4753327,0
8.5136135534,-0.0001170001,1.4020716548,34.260933703,34.010348544,1453.2769665,0
6.5569714189,0.0001404488,1.3255694944,36.609063726,26.177023864,1577.6201662,0
4.2075693591,-0.0001000755,1.2634563235,34.563801846,26.494408264,1582.8580907,0
8.8399071088,4.0058e-05,1.4565329429,34.475445747,34.396440415,1506.9200401,0
13.209778548,0.0002388359,1.6055207952,38.016060548,27.890193283,1568.4532776,1
2.8930343671,0.0001710609,0.8041423496,34.689551022,27.942294689,1586.0181044,0
22.584201757,-5.96973e-05,1.3901705296,34.937259395,33.14264651,1429.8151113,1
2.1952597762,0.0001019367,1.1415116106,32.127304077,32.835671593,1471.0915162,0
6.5246980813,-1.85228e-05,1.6553556652,35.104821219,27.133052436,1592.0396305,0
7.7865815679,9.3943e-06,1.5443023499,34.723387862,27.158877169,1565.5435988,0
8.8095919827,5.5554e-05,1.751324027,38.026049926,30.680912553,1505.8718285,0
4.9201780711,6.29226e-05,1.4275611336,34.395717333,32.841967159,1500.8529429,0
10.690513595,-0.0003988093,1.7041596812,37.947002879,27.507889885,1414.1251885,1
11.933351556,0.0002788113,1.8708980662,30.715239345,32.661330028,1472.5014771,1
4.5263964861,-3.2417e-06,1.4323485291,31.720464099,32.344369549,1591.5387335,0
7.2778492527,6.73122e-05,1.1195393754,35.151409406,30.920963272,1592.6271613,0
4.1482903965,3.78033e-05,1.5979938976,36.020411518,27.474410248,1576.4678392,0
12.774917958,-6.9959e-05,1.5162531704,33.415010784,32.917434679,1524.4490384,1
5.8337762226,-4.11379e-05,1.4324980452,36.691201908,27.180228174,1569.5474848,0
7.8739400802,1.81214e-05,1.492939712,39.399395758,25.714489845,1540.7597781,0
17.789906576,-0.0001184684,1.6996377595,36.686046209,30.91396345,1487.6377905,1
7.9197542101,0.0002399314,1.8188739034,34.896995905,29.388026242,1566.8274177,0
17.363319639,-8.77752e-05,1.2459713527,37.296991064,28.651326997,1525.0943785,1
2.8513552524,7.61344e-05,1.1075160158,34.743336797,25.746707242,1559.8263103,0
5.2277352519,2.41872e-05,1.3918885873,35.759484838,27.583338733,1601.021099,0
6.6387000527,0.0001845079,1.7819589986,32.687351256,29.841308685,1577.969985,0
7.9623904801,5.7971e-05,1.7664891115,36.743332414,27.773327411,1519.1394561,0
14.492611911,0.0002891161,1.7169252834,39.395545231,27.761879621,1472.4477859,1
16.326655658,0.0003465869,1.5154781342,39.327880808,27.844204381,1414.3734689,1
1.5319658119,3.15497e-05,1.8167527913,32.877057199,33.583886076,1480.5689889,0
10.569740861,-1.28178e-05,1.3060939888,39.110497775,27.167497797,1479.2241958,1
10.211855926,-0.0001034625,1.3636912382,39.762985574,27.353213402,1571.1862057,1
13.895014738,-3.53304e-05,1.4452613166,35.957612881,30.535265536,1487.8236343,1
8.6053243678,8.01906e-05,1.617042111,38.758735122,27.864928622,1543.3184594,0
3.880481759,0.0001039817,1.7255038784,34.812253883,28.216839166,1562.9639013,0
2.1568022952,-1.1841e-06,1.0103471163,33.131535294,26.45943281,1579.0547232,0
3.5046527807,1.55276e-05,1.6073303453,36.8682808,27.1690193,1533.9189613,0
2.5166681605,-5.51984e-05,1.1380307279,34.564561744,27.658970356,1562.1356065,0
3.5059739364,5.86375e-05,1.2173757799,35.828679075,30.722799326,1593.8884486,0
4.5463595142,0.0001382149,1.7297027591,31.267899777,31.975298023,1568.0674787,0
13.088314604,0.0004934265,1.8703325066,38.837473986,30.110712143,1516.5465179,1
16.790417391,-0.00015351,1.2724478469,34.843292481,31.404612423,1428.041898,1
5.0294711267,0.0001378633,2.1958499408,34.365650631,26.434104548,1548.6291669,0
14.427671139,-9.8524e-05,1.7188907089,37.163865097,28.530479055,1483.0882103,1
9.028894005,-0.0001216157,1.3455306987,32.398449552,32.894815568,1487.5920391,1
15.023817506,0.0002215288,1.5657926274,38.803199098,27.388897525,1502.5244649,1
17.640757986,6.05348e-05,1.3644018075,34.92393556,33.320920406,1484.8637617,1
9.1575430203,9.38048e-05,2.1413091349,38.397377099,26.775240234,1518.4466807,1
2.2074890625,0.0001092947,1.8065162098,32.622477481,31.421691677,1553.0277061,0
4.5440501896,0.0001233524,1.5379905219,38.597356302,28.487977646,1551.2675205,0
11.570670846,3.78372e-05,1.781716316,34.979398702,33.87425943,1459.5606263,1
12.304978623,-5.47675e-05,1.5183735324,35.331591951,32.41335451,1510.3096477,1
5.0614768015,-5.1041e-06,1.3212373523,35.524941961,27.845600574,1581.87213,0
3.8694841262,-1.01451e-05,1.8226703952,36.592800589,27.671083685,1569.3628007,0
3.6190533595,0.0001008428,2.2893205274,31.85728675,29.409006957,1557.2270434,0
3.5817111161,6.068e-05,1.1054273823,32.147441719,29.486054413,1522.6992558,0
2.3676456692,7.46954e-05,1.3105761583,31.882840132,31.169345104,1477.2114629,0
2.8547051951,0.0001656752,2.3081118448,34.895771934,24.664566656,1565.4428651,0
7.6236572528,-9.67771e-05,1.0246357952,37.753334477,28.54128503,1425.3845219,0
7.9231470702,0.0001497562,1.5400209174,38.535036114,27.416599784,1457.9228242,0
17.381306442,-0.0002479766,1.2444457872,34.114262597,33.734833712,1470.6216186,1
3.7876784757,0.0001016995,1.6539126913,37.661399855,25.606168447,1582.2225978,0
5.7005329251,-0.0002889756,1.5152895648,31.731885078,35.690643704,1519.7881551,0
8.3252993249,-4.19712e-05,1.6116531671,40.841789157,28.651656445,1531.2028411,0
4.5290237074,6.04049e-05,1.5512633823,36.386784892,24.334442985,1563.2471316,0
12.049694109,-1.08593e-05,1.5752365509,35.709707187,32.160923403,1457.8479113,1
10.939850256,-3.08938e-05,1.5946527666,40.854315711,24.337807427,1535.6301306,1
4.8796939568,2.69411e-05,1.6694106975,31.760052395,29.555223778,1580.5405541,0
11.971800897,0.0001194471,1.6054869346,34.600847668,31.534835174,1532.5805687,1
5.203677929,5.74992e-05,1.4887980944,37.556986141,28.216553366,1583.2814347,0
10.198387576,-0.0001292897,1.539943142,32.087823522,34.841751828,1493.0394872,1
11.553872827,0.000416044,1.8881602206,31.340953356,36.095704067,1475.5134851,1
13.690476321,-0.0002824521,1.3811972622,37.06681904,28.771182346,1421.1573742,1
4.06854423,-8.26479e-05,1.8863242764,37.21624007,27.049306249,1552.5538997,0
10.784442887,0.0003326849,1.3388046244,37.867264667,28.172312263,1477.334198,1
5.8773309017,0.0001357364,1.4342406525,33.670674657,27.887549067,1626.6916201,0
13.477101315,5.01943e-05,1.1145069224,35.370379054,29.074943049,1486.342264,1
4.9039067617,-5.09448e-05,1.6074793907,34.276720614,27.566700818,1579.6120703,0
4.858901335,0.0002497079,1.3865081958,33.327252636,26.161339147,1527.8327409,0
2.5251432694,-1.04423e-05,1.5538578151,34.893079261,26.076190993,1582.0511933,0
12.776990104,0.0002630186,1.6282784664,37.146114873,30.332942773,1464.2322591,1
6.1033386453,0.0001597066,1.494332058,36.918482011,25.399799948,1570.4032484,0
7.6922233645,1.24032e-05,1.7876118674,37.503656117,29.686022184,1443.6682654,0
4.8843537345,8.03007e-05,1.824219844,36.21837172,26.148785588,1565.2020132,0
7.7361810994,-5.86254e-05,1.5857947188,33.1616128,32.914597964,1583.4019521,0
13.070077936,-0.0002439861,1.5849491377,38.378970881,29.84899088,1505.1713148,1
4.2429988068,0.0001196371,1.6211191566,35.534189103,31.473969372,1529.6870976,0
7.8281046867,0.0002091239,1.7044049718,37.029053419,28.490149259,1511.368587,0
12.35420153,5.24969e-05,1.6096112853,37.393913409,29.97034765,1535.0860179,1
4.0281199448,1.3779e-05,1.805844067,29.522549903,33.008851141,1459.3469151,0
12.325740581,-1.30578e-05,1.4252003507,37.941150858,27.512333539,1521.932527,1
11.968654036,0.0001016435,1.5519621963,35.733753253,31.242771197,1492.3016222,1
2.8401288113,6.90923e-05,1.3892947347,33.257921583,28.444870023,1585.7856876,0
13.302888709,0.0001095993,1.2710939227,35.182675424,32.967592711,1424.0295029,1
14.603832246,0.0001934444,1.6298148213,37.294968609,27.498967134,1445.0334776,1
9.2605697639,0.000170603,1.7633954481,31.273943021,33.176799822,1510.8911446,1
11.663531726,3.46625e-05,1.5826005651,32.102774437,36.922736406,1463.5216286,1
7.3764515444,-2.8319e-06,1.7436654128,33.88824765,32.525569815,1533.3951291,0
8.6886681705,-7.83429e-05,1.1675571565,37.88471399,30.057147159,1517.6396784,0
23.428870122,0.000277917,2.0666637707,36.926060533,30.594008047,1482.0124106,1
5.4424655336,6.79317e-05,1.7078722267,34.615119046,26.135984901,1592.2801527,0
29.350923365,-0.0003083223,1.0443692731,32.029162243,34.877104292,1393.6478281,1
6.733601642,9.87013e-05,1.8524115802,37.481218628,25.475357908,1553.097092,0
14.081562112,2.70898e-05,1.7639520383,33.008893516,35.402701555,1508.7853721,1
21.432172869,0.0004621957,1.7909683384,36.55563074,31.464060659,1495.0432436,1
7.2989529159,0.0003441183,1.7292860881,30.970676671,33.002855697,1562.2947328,0
11.527053095,4.40755e-05,1.495760766,36.039757564,32.995343487,1500.2069046,1
19.613999306,1.90633e-05,1.3658004064,34.926026488,28.45852965,1504.0024133,1
15.680732702,-7.56679e-05,1.4038563022,34.917089032,33.016724484,1484.4094473,1
4.5275342739,6.9005e-05,1.9947946165,34.17013205,25.678096361,1572.2209921,0
3.7429583997,-4.58756e-05,1.3578516787,35.060162908,31.707256629,1556.6747396,0
8.1194170331,-0.0001878958,1.3257795621,37.539326759,30.6383008,1468.7724464,0
9.8389388676,4.75779e-05,0.8236167564,36.535675884,29.929015357,1570.5010416,1
16.185167343,0.000514332,1.4033161917,35.206601569,32.06712002,1427.5831759,1
12.406551726,0.000124942,1.4686748179,31.322388064,33.039600496,1569.2592771,1
9.3317140523,0.0002545557,1.8149675826,33.200143731,32.352761027,1515.4357747,1
13.586516308,0.0003229384,1.6234833547,39.71788421,29.413442308,1541.9843755,1
4.2880961473,9.10815e-05,1.7428312983,36.685353473,29.196661278,1585.3127052,0
4.769718674,0.0001328436,2.0670977948,31.939242465,32.258152986,1531.9811008,0
8.0362261168,0.0001860981,2.1095384425,38.165757413,26.176861136,1521.9218694,0
7.7321565578,-0.0002222362,1.0775246832,34.018106692,30.578797858,1576.4190547,0
12.273468326,0.0003474786,1.3775941211,38.810601597,26.877287236,1505.0743784,1
12.852233731,1.8264e-05,1.3493069959,36.449865886,30.125733823,1484.625202,1
16.598703537,0.0001233839,1.8688618323,34.491521713,32.225726588,1471.4525695,1
6.3009775981,0.0002091385,1.3597764447,32.427991529,29.230074407,1552.4439962,0
8.9205679394,0.000115294,1.59645769,38.184920536,27.159464144,1567.6334277,0
4.9658432934,1.60818e-05,1.5076660549,34.975169,31.700731184,1553.6632159,0
6.2361822247,0.0001793966,2.0589774368,36.213092961,31.244417019,1489.1454779,0
6.87633279,9.61663e-05,1.5862663211,37.920892547,27.078597429,1600.7216243,0
19.974655686,0.0001907613,1.6220141252,33.360881646,34.077750642,1461.6948177,1
4.4884068417,0.0001966257,1.9283066205,36.856758686,26.945645194,1592.1638921,0
4.2153227574,0.0001604071,2.0172641062,34.248496009,28.377373102,1567.9486637,0
1.2421221468,0.0001150612,1.429308797,30.011209508,31.482001869,1527.7213697,0
17.405381413,5.86714e-05,1.5323646127,35.715295833,31.406928588,1469.1753692,1
12.555435325,0.0001953413,1.4508324309,34.892466567,32.522049825,1463.4257947,1
13.931621968,-1.60479e-05,0.910988512,32.382211532,34.246879673,1591.7837215,1
12.676409861,-0.0001487598,1.5794513967,34.649846135,33.531584221,1476.6558011,1
4.1035960442,-6.08456e-05,1.6063207281,34.924541816,29.447423229,1587.9002717,0
5.0819967733,3.79515e-05,1.8615284821,34.152929945,27.411568232,1592.9145203,0
9.5765577003,0.0002048446,2.1862374927,34.811204284,31.43239685,1558.0343175,1
8.7517588546,9.24569e-05,1.7201411529,38.570905205,27.604329844,1521.6445611,0
3.7982778774,1.44391e-05,1.5095352619,32.337385899,34.153970646,1589.5791275,0
20.584824305,0.001238784,1.7952483207,35.10688567,28.540345599,1465.8068621,1
9.9049580581,0.0003031541,1.6191361423,38.508670051,27.251545265,1485.226911,1
6.4199795021,8.86519e-05,1.4251627044,35.195401996,29.568614673,1590.4755669,0
14.587523424,-0.0001698098,2.0090959019,37.229876995,29.587494312,1432.8266282,1
28.368050789,0.0004255439,1.0825758819,35.644675061,30.293629201,1459.5696351,1
19.888987939,0.0001584348,1.9009878658,33.397298984,33.026013549,1461.7142949,1
8.1373316082,-4.78521e-05,1.4199171682,33.932735388,26.549943501,1573.9883248,0
17.871074013,-1.45622e-05,1.0344763672,33.292714396,33.704588562,1537.8876789,1
11.41803678,-0.0001700136,1.5688206369,43.411822358,24.019518137,1545.9489237,1
5.6009988478,-9.29371e-05,1.1886033746,35.118020186,27.686586906,1586.3765771,0
8.7373640339,0.0001731261,1.6159085241,33.887796972,30.635952187,1592.3323344,0
19.087302109,0.0003406309,1.6723327926,31.091083727,37.409295554,1515.0419535,1
4.723557336,0.0001341231,1.8377328498,36.603570016,27.162184513,1568.2388445,0
8.8581953708,0.0002484635,1.7237285764,38.25689364,26.837773838,1522.4318614,0
11.423128815,-3.67919e-05,1.569960042,37.827519892,32.241708063,1470.2722084,1
14.306438273,7.41073e-05,1.5249968472,33.637859653,34.978690721,1467.0728885,1
3.3891816539,-1.3479e-06,1.6473813771,36.122626596,26.543220522,1559.864561,0
7.420491413,0.0001230991,1.543849587,35.342760392,26.514844992,1592.7531286,0
14.993859112,5.6888e-05,1.1878713697,38.916854929,28.498755102,1549.2559238,1
8.3545735444,-0.00015855,1.4448582393,38.639878688,28.019575091,1515.015933,0
12.187604625,0.0001645368,1.3893208641,38.06791232,28.706039724,1483.3559634,1
6.2441616385,-0.0001436641,1.6460870499,35.460866356,29.131882279,1595.6169397,0
9.6570729719,0.0003317524,1.950809331,39.400642199,28.242546155,1483.8929133,1
11.226824348,-0.0001879405,1.514444997,39.511692472,27.745530824,1520.3002675,1
13.196936929,0.0003366804,1.2301288811,39.784704215,26.967812893,1498.1738784,1
6.1572961714,8.81335e-05,1.6993825018,38.292862044,26.156320982,1528.0975602,0
8.3667477762,2.98632e-05,1.4972666256,32.458992298,30.791337782,1573.8925066,0
5.2553783342,3.53673e-05,2.0194514107,34.710107344,28.221096601,1576.3690731,0
5.8282139139,4.14305e-05,1.5290824669,36.257463271,26.597955069,1590.9719705,0
1.8423100855,-4.49765e-05,1.5124462884,33.622982691,28.930353507,1573.7229508,0
7.4519783743,0.0002075983,2.0779192365,35.978150064,29.493839804,1502.9348671,0
13.0918889,0.0004056085,2.0376157909,32.6502058,35.991787613,1452.2100975,1
6.3511166836,-1.42779e-05,1.4160858879,32.791868336,30.327160535,1638.1303531,0
12.175907403,0.000101659,1.5962205244,38.587621952,29.159560454,1511.3558464,1
12.992296016,1.81228e-05,1.9151687961,35.221020967,31.373240018,1481.4244102,1
14.117754456,0.000907139,1.8724964793,35.534982263,29.751615766,1451.9213557,1
12.185076522,-1.14591e-05,1.5022949824,38.034485754,28.92301633,1479.3949753,1
7.1523404374,2.53617e-05,1.6997354838,37.488530037,27.918641372,1595.0309832,0
2.5079364623,-7.67196e-05,1.4286654193,34.975881919,30.858708097,1625.2514327,0
3.5856343034,8.47109e-05,1.8341413944,34.387969321,25.836560692,1556.4311026,0
7.7195868171,6.49339e-05,1.3397578268,35.829412798,31.557315567,1526.4034529,0
6.2735662984,2.72537e-05,1.3345562562,36.570737768,24.853462385,1568.1916504,0
12.029042588,0.0001825764,1.9118981671,38.01139907,27.251502207,1525.3339779,1
7.0728041301,6.06661e-05,1.3355070484,34.117745832,28.510643076,1612.3720451,0
12.438592575,-9.51594e-05,1.6072086225,36.174696331,31.275781507,1472.8835515,1
17.351954924,0.0003960753,2.205214912,37.458777549,27.214756678,1539.0594374,1
21.519106733,8.59985e-05,1.4001348244,33.198686251,33.465837436,1492.7111106,1
7.3378014166,-6.88684e-05,1.522269073,39.284787167,28.38743046,1540.0254195,0
8.7227928656,0.0001174994,1.5984285639,40.811515539,28.574622603,1490.4015395,0
9.6617282114,2.88922e-05,1.6142153876,36.183421351,31.296554793,1535.6155536,1
15.467339216,0.0002831701,1.4370497975,34.88591448,34.585274943,1432.7882292,1
4.4091979808,1.50074e-05,1.8208684149,35.761604167,26.487142315,1591.1115108,0
8.2363244064,0.0003503294,1.8899793486,35.451207808,28.641893227,1542.6055065,0
15.882968654,0.0003728008,2.3147373411,31.376280233,36.601761957,1444.8475695,1
6.7860674924,-0.0001057985,1.2704296522,37.169335893,25.236470944,1562.8592536,0
17.917498411,-2.175e-06,1.6062371592,36.100342126,32.523409936,1489.5841958,1
6.3601884466,5.85778e-05,1.5141814815,36.193729821,25.32785106,1584.9314359,0
10.11741055,0.0001797467,2.1833271694,37.103313966,27.759235749,1512.9379268,1
6.4495943895,5.17619e-05,1.6011890166,35.886822603,27.504438913,1628.7750345,0
16.287172131,-0.0002750801,1.2146424567,38.637775344,28.265958592,1497.3335166,1
10.048905202,4.8653e-05,1.7873291508,40.00912112,26.733232826,1435.257232,1
13.560517783,-0.000580124,1.0376321397,39.020475513,27.047836104,1452.2535795,1
4.2836303105,1.09182e-05,1.4299438184,35.836014733,28.40711238,1585.4344168,0
15.878693132,0.000894113,1.9706271612,32.700615949,37.385142158,1451.1725304,1
7.1001560363,-3.17951e-05,1.7759180894,32.403304239,34.685533458,1529.3058352,0
17.073164667,0.0001375177,1.336206084,37.341921749,32.357082184,1450.1999539,1
13.837576088,0.0001399052,1.502793689,37.319411566,28.067025727,1487.7536521,1
12.894468686,0.0001212006,2.0474859518,36.750267403,28.769349461,1564.3208782,1
10.79977555,0.0002134968,1.9794982522,37.172449585,29.947009234,1462.0889135,1
8.9082470755,3.38136e-05,1.6131834008,37.207434415,29.274813179,1554.6629611,0
19.16602558,0.0003299142,1.71113577,32.504966237,35.584406304,1465.127851,1
14.752774969,5.00712e-05,1.4718318387,33.684042628,34.046050273,1457.114698,1
14.696627765,0.0001560002,1.6077025499,32.126957445,35.899507298,1451.7366823,1
4.8954088711,2.4487e-05,1.8544767031,33.19390344,32.731132112,1526.2392227,0
4.6962292751,7.59195e-05,1.4772493854,32.569264012,29.878024688,1519.2127906,0
7.3462832087,0.0002168862,1.9036792048,38.263138033,27.861313356,1465.8488783,0
17.530725632,-6.14636e-05,1.4919390261,36.498868167,33.034831864,1524.6047895,1
13.894913375,0.0001668392,1.6410732606,38.294011889,26.569440287,1482.1447582,1
11.280314138,6.03588e-05,2.1553564341,34.338973067,33.262848119,1483.1833512,1
9.6030984498,0.0001505054,1.794738625,34.877492226,32.477787229,1496.6396934,1
8.748707995,1.8128e-05,1.3471259086,38.905916664,26.278875121,1604.5438073,0
9.8429713057,0.0005082247,2.0590837219,34.497287065,28.690591033,1595.5165729,1
3.8396162189,0.0001224902,1.7641116357,31.900888466,30.754573936,1489.0091742,0
5.5594288599,0.0001029779,1.6300738727,34.808489934,26.674231083,1609.7368917,0
9.1409934124,-0.0001196287,1.2006918131,32.487096577,34.583820218,1490.1003075,1
10.320207679,2.27791e-05,1.2072822058,37.317540749,30.256391497,1506.9349776,1
8.2243594696,-3.4516e-06,1.1882459014,35.625119758,29.16956969,1578.2896582,0
8.6852914674,0.0003835452,1.5613949155,38.807400442,29.900527159,1466.1188487,0
9.6030097164,2.82504e-05,2.2184176931,35.213726995,28.477875476,1575.172855,1
6.8895765942,0.0001375721,2.0889820224,37.657914767,27.039291266,1546.0822324,0
9.604944876,8.49773e-05,1.3407819378,35.054762789,33.115515478,1462.9351479,1
4.746432678,0.0001436177,1.9967904604,33.774613814,33.38997941,1535.3873617,0
8.3902426479,-0.000177548,1.1542676609,39.746379282,25.331103798,1594.3719029,0
19.617373249,-0.000321346,1.1332128083,33.42697532,34.260809126,1465.3244457,1
10.464523122,-5.3061e-06,1.2691698808,37.017047077,28.835937607,1518.9412731,1
6.0818026719,0.0002569397,1.3445866337,32.123815602,32.105390969,1591.6426037,0
7.7846919048,1.0507e-05,1.7411912825,37.768971668,29.417547438,1558.8875764,0
6.3827262165,-0.0001584007,1.3009149537,35.379957025,30.129832355,1598.2016399,0
12.92314674,0.0001255248,1.8186841207,32.022978729,35.503778635,1475.7462245,1
6.4240319094,9.8002e-05,1.853588956,33.637227135,32.970992547,1553.3831743,0
12.870926467,-0.0004903446,1.4153915509,38.871523655,26.542515008,1553.5164488,1
13.442589357,0.0001804637,1.2123230056,38.910891781,29.56526602,1498.6640472,1
8.8703050915,0.0001616792,1.8677879401,36.880857468,28.97310344,1551.4690475,0
6.7015169313,0.0001303683,1.5009242298,37.654936336,25.44139688,1512.4414628,0
9.4379538501,0.0002837763,2.4137233632,37.052724654,31.497100785,1534.8505236,1
16.68800979,0.0005421416,1.6893912848,34.274110015,32.101746994,1482.2836533,1
5.1334093928,3.98787e-05,1.8375406859,37.025479953,26.991781261,1565.7548105,0
10.774593676,-3.55686e-05,1.5172725206,36.371645349,31.933710067,1474.0979305,1
9.6005537816,0.000178453,1.8357604886,34.368710927,30.633727979,1470.5064517,1
25.09306137,0.0012433963,1.5757212378,32.886330302,33.526399399,1443.973571,1
18.141690333,-0.0002026623,1.295107597,34.639854238,32.53340532,1470.3479148,1
11.119116359,-2.86351e-05,1.6156736432,37.889479729,30.052655397,1510.7441475,1
3.9971156307,7.30511e-05,2.1993731025,32.074486272,31.926424159,1538.2717763,0
16.171090068,-7.11625e-05,1.5903036017,36.604037538,31.335513361,1432.150343,1
12.038965542,-2.3871e-05,1.2831679977,39.194983546,28.866100629,1520.7869255,1
6.058139124,0.0002054775,1.3829298664,36.277319988,26.267689194,1587.2868139,0
14.179390215,0.000218097,2.3812070151,33.456188024,30.47391732,1567.6173099,1
6.1985826086,-2.9454e-06,2.0204754105,38.327729735,28.312771345,1508.6121671,0
3.4151223028,0.0001997608,1.644679152,35.743282415,29.113948215,1583.1680422,0
14.056085982,9.26825e-05,1.6258802993,36.600584508,29.886099597,1447.7976136,1
10.094762,0.0001176441,1.4351030048,38.540850194,28.697305092,1465.6548893,1
13.189628333,0.0002481888,1.7734559409,38.805824796,30.397433737,1445.1983625,1
15.331638136,7.549e-07,1.4815906135,37.129064299,28.69391442,1528.9206867,1
10.487508105,-4.33637e-05,1.5568758611,39.822461496,26.159546919,1562.6257804,1
26.422948086,7.02184e-05,1.3430660385,35.46637383,31.523176739,1443.5052514,1
15.70898455,9.06521e-05,1.5763385725,34.679799639,32.553873518,1456.9788381,1
2.6171191882,0.0001451526,2.2623564709,34.351775665,23.614429456,1574.3116444,0
7.3351401234,0.0001255573,1.6660527447,36.999133767,27.703540298,1587.7194389,0
9.1074824192,-6.05016e-05,1.4383418398,39.191907015,24.70196212,1568.8796202,1
5.3463246121,-0.0001250938,1.6335675885,32.881962366,31.011050711,1609.4752611,0
20.663714362,0.0003789854,1.7588173575,33.951336328,33.490125439,1438.5993991,1
7.5713890501,5.34987e-05,1.3215829156,34.048545614,30.448979062,1577.1954137,0
6.1002248769,-0.0001779259,1.6261931633,38.912293636,28.504146816,1572.6961991,0
5.9260005891,0.0001499216,1.52503224,38.186020116,28.118988927,1470.569666,0
9.1529781589,6.07061e-05,2.0137004771,37.387668495,29.685732909,1499.0927388,1
5.9211230469,9.162e-05,1.658715106,34.710427783,30.098925174,1578.0981376,0
12.843194591,-0.000608157,1.2544564044,38.062128135,26.892750175,1485.2188231,1
4.8450074074,8.97708e-05,1.8674365345,38.982459116,26.096091593,1578.4381059,0
8.5573308794,7.48561e-05,1.8570425444,34.207448448,31.412803579,1547.8595236,0
10.299954891,0.000217716,1.2541814904,33.155424656,31.256388129,1489.7614514,1
16.145123534,4.56758e-05,1.4808502705,37.063908399,31.413278178,1472.3178186,1
15.350642843,9.17442e-05,1.6546197499,38.331837487,30.569700872,1427.6525608,1
5.8933684146,7.264e-06,1.5930905647,37.427703565,29.464423664,1493.197133,0
10.715837514,-2.14367e-05,1.2140560748,39.023832902,29.267028004,1452.371711,1
10.713681119,-2.82159e-05,1.65495384,33.595435124,35.623787483,1489.1321095,1
2.6589586065,-2.5262e-06,1.6042058466,34.06230413,28.386205463,1472.7814163,0
7.5312425561,0.0001481364,2.0113078313,38.97482853,25.456764854,1577.0893714,0
5.9347245787,0.0001116633,1.7879861342,36.026049505,26.902036483,1577.5412026,0
7.2483566118,0.0001736,1.8067298693,31.310885886,34.908074766,1593.5975542,0
3.9452047544,3.69649e-05,1.6088167501,36.46172464,26.751145677,1589.9083078,0
9.3563002104,6.05128e-05,1.2195793904,35.865345969,33.500255596,1524.8907179,1
6.5564978927,0.0002219205,1.586642189,35.015125067,24.847570492,1566.9519607,0
4.6335482005,0.0001944359,1.5193966747,33.332843815,29.216964319,1595.8507482,0
7.5524178345,8.5013e-06,2.0722868401,39.131873372,26.538314338,1489.7278101,0
11.475122743,6.00062e-05,0.8773465878,33.622816118,31.037219574,1488.6652067,1
16.307176976,-0.0001249082,1.5387397493,34.60523503,32.491345874,1420.6872789,1
7.8366465833,2.2572e-06,1.6077377434,39.147432389,24.387595782,1535.3824717,0
15.55906956,0.0003832494,1.5344257151,38.673743985,28.819333408,1404.6514222,1
3.4358299437,4.70231e-05,2.1811906731,32.189159462,30.289960834,1480.0661335,0
11.04333869,5.97821e-05,1.82179529,37.302519413,30.242896849,1475.3982027,1
9.4051560485,0.0003179101,1.4038236751,36.246602994,28.659251522,1572.1063543,1
10.720188057,0.0001293328,1.8934359989,37.830043834,27.524840451,1543.2697265,1
12.721095168,1.21692e-05,1.4490279396,36.444977654,31.121092622,1533.5829963,1
6.949691854,5.21953e-05,1.6060321327,35.850908426,30.635850677,1557.5117057,0
8.6693578641,0.0002522798,1.9021948137,33.205543543,28.442285361,1584.8411322,0
10.545971857,0.0001906855,1.6661196912,35.026262131,33.665960066,1475.8301705,1
5.9201415367,0.0002338592,1.709669942,34.589323814,31.326041298,1574.3671013,0
10.726539826,0.0001431757,1.7438573929,37.146907586,29.98461748,1523.9311384,1
9.8155483314,4.39645e-05,1.3362660355,38.789966051,26.732949641,1536.4909736,1
17.472406713,-0.0003030508,1.8568541002,36.006495765,30.484045482,1397.8671979,1
4.6817552993,-3.85803e-05,1.7957141931,37.93291971,24.551868023,1530.3784674,0
6.4020276277,6.278e-06,1.4925923692,39.31707246,26.604334402,1568.4529411,0
17.548159768,0.0003221275,1.6936334661,37.615061018,30.786528828,1445.8067676,1
2.714722431,-4.77399e-05,2.0472321669,33.820600803,29.456383152,1477.3151602,0
6.7208285693,0.0001708287,1.4418539479,35.04870434,30.485797928,1537.2610962,0
3.0386953601,6.98212e-05,1.8766141166,33.911246314,26.249746782,1522.6666529,0
15.977854236,0.0010798796,2.2390165701,37.463915895,29.262374587,1524.7831896,1
12.263679458,0.0001443657,1.8849206619,36.787506123,29.519981875,1527.4463956,1
8.3512727712,-3.18353e-05,1.9645305934,35.430173997,29.93385497,1542.1187588,0
11.130928165,-9.49973e-05,1.5294906417,36.415735608,31.545154779,1482.0988516,1
11.30400276,0.0001261215,1.8180053946,39.146427094,26.261901907,1495.5361714,1
5.6045991892,-0.0001357889,1.5906944589,36.450238985,26.816933134,1572.6315721,0
14.097385904,-8.26573e-05,1.6160018986,36.740830341,30.410192449,1505.4681863,1
16.080392509,2.99771e-05,1.5045277637,36.599068143,30.020321353,1436.9474932,1
11.899028793,0.0001647111,1.5152652205,38.072980871,29.231533957,1421.6553789,1
14.723546751,0.0003455018,1.3679160604,39.039670698,29.032272831,1425.5703353,1
5.5771380865,-0.0003595524,1.9495538623,37.769607353,30.838590548,1486.4484477,0
7.0036434467,-0.0001922739,1.3805782507,32.722592868,34.54790767,1492.7627725,0
13.57879633,-0.0001559368,1.4511031648,33.537804445,31.692098172,1474.2046074,1
15.785721081,0.0003031975,1.6274859415,37.763498872,30.932112619,1492.8685481,1
9.2925230119,-3.64846e-05,1.2716369971,39.218758987,25.596428637,1514.6535137,1
15.117475739,0.0001796615,1.4341424115,36.333061816,32.668378349,1419.2360883,1
5.623835512,3.91661e-05,1.5671977046,34.618245751,28.121876866,1572.9073377,0
5.7037947321,0.0001310617,2.1922376143,31.520704782,31.298245111,1558.20714,0
7.8421076894,0.0003066255,1.5802974698,38.891975825,26.277872608,1574.954046,0
9.7420099418,0.0004274076,2.2082552404,34.415112118,28.919069819,1527.2984558,1
8.8421450128,8.3788e-05,1.486902111,38.363012017,26.989797283,1480.0430871,0
10.350031358,-1.92512e-05,1.0638345352,38.941870483,27.900634208,1527.4942534,1
6.6493240415,6.39296e-05,2.0727241238,36.04733426,29.319814994,1512.9171137,0
11.115289025,0.0001944304,1.9646015109,35.301595833,29.50071852,1568.0702868,1
3.4352757656,1.44569e-05,1.4396941303,35.830617739,26.602356835,1598.3623918,0
11.534703523,0.0001255595,1.4772056757,38.124136949,28.664281571,1510.158383,1
15.292762522,3.17733e-05,1.4731684008,35.841697293,31.572392072,1463.025354,1
1.9445296613,2.72553e-05,1.3357816722,35.527216307,25.517015718,1595.1073464,0
10.145092514,0.0001079836,1.5168275601,36.363358109,31.777694812,1462.749452,1
12.372629254,-0.0001246044,1.7656590449,32.055758127,34.853104503,1468.7556717,1
12.00292237,-0.0001000146,1.2929130027,33.316051561,33.897241544,1521.6642227,1
10.615941709,0.0002023112,1.4485936156,34.535678632,33.551363911,1509.7854715,1
11.079774031,8.01452e-05,1.3807525509,37.37043677,29.858521699,1503.9913788,1
9.7549254045,1.5981e-05,1.7968002574,40.454363072,26.984268568,1545.4570777,1
5.1546339534,-0.0001755845,1.6290303496,32.82999088,32.689717172,1507.9125025,0
7.5852277466,2.31773e-05,1.6968022765,34.452483721,33.372017332,1510.0257,0
7.0766511675,0.0002224339,1.5578612423,34.376937255,32.32952577,1588.5649819,0
4.745948811,6.362e-05,1.4844148597,36.709394408,26.766862471,1575.9456989,0
11.914398742,0.0001313432,1.7354650231,36.874446341,30.55861137,1502.6172153,1
7.6966394453,-0.0001014653,1.6386854645,36.246825835,31.27150538,1486.5349257,0
5.6302476221,6.636e-05,1.7063719608,32.420844762,31.148745552,1614.9794622,0
11.187112175,9.34609e-05,1.8437007039,39.028999324,27.366685604,1496.2788825,1
5.1301142227,0.0001923652,1.3827943005,35.200527393,27.185503648,1558.9204841,0
3.1415435762,-0.0001784302,1.373083804,37.325122202,27.673536498,1587.7426472,0
11.250300001,3.86745e-05,1.2594343966,33.61310928,33.597790926,1496.577213,1
3.84825898,-2.1221e-05,1.5212443905,30.752165634,30.155858486,1510.6613073,0
10.121064622,-0.0001266202,1.3673927388,35.463834274,33.115119921,1520.7406378,1
7.5574715625,5.65023e-05,1.7317110667,39.080617516,25.578084078,1597.381803,0
20.552714367,5.66444e-05,1.6405903005,34.86147729,33.326140016,1517.2679156,1
14.427400497,0.0001395299,1.5191008147,37.771954939,27.592993756,1526.9514688,1
4.6982193525,9.08325e-05,1.5785782956,32.986438484,28.417773321,1554.325947,0
2.9113961401,0.000129097,1.9985619611,33.739274296,29.532059424,1489.7122669,0
4.089328027,0.0001242276,1.3429772497,33.727068272,27.455728173,1571.9101129,0
5.5435279519,0.0001454802,1.4832652287,39.367837692,25.116714798,1571.959761,0
7.4306414459,4.97376e-05,1.6005998884,35.773119415,30.855702037,1498.8539217,0
13.939945293,1.72365e-05,1.432243128,36.227691616,30.622072758,1461.086527,1
22.186365187,-0.0002144156,0.9191608546,36.592987136,33.329536117,1423.5768612,1
6.9186325241,-4.09774e-05,1.4859124144,35.885533231,24.397304319,1570.3791858,0
11.463237802,2.70395e-05,1.7644092268,36.564156453,31.203322038,1494.4767679,1
8.1190237093,0.0001805634,1.4597341864,36.92381818,28.271010878,1501.7391036,0
10.972402172,0.0001298835,1.5934543603,35.472866859,33.261842796,1468.6238522,1
7.265066997,2.94363e-05,1.3181630229,35.295224333,26.148338234,1572.3543401,0
16.623686156,0.0003845998,1.4872893626,37.56254754,28.669302374,1481.075841,1
2.8748051115,0.0001694532,1.9776139272,33.369035703,26.583271968,1537.6214137,0
15.48274203,-0.0001624943,1.4552365603,35.112137841,32.560390923,1524.5172921,1
4.0884946663,4.09563e-05,1.6719688443,34.19745178,30.036284727,1480.4864467,0
9.3828365478,0.0002247155,1.6240761748,37.45540153,28.14329883,1503.6973613,1
17.193788228,5.63912e-05,1.0222485785,35.756022186,31.401181836,1489.4018932,1
8.7241279931,4.1797e-05,1.6996974146,29.979376835,37.590645435,1507.5700016,0
6.3124157058,1.12313e-05,1.482874285,33.979963527,33.785752198,1493.3076988,0
12.68163385,0.0002057303,1.8964668102,36.99861209,29.572712415,1545.188403,1
11.222664108,0.0001233121,1.2111441024,34.969671027,32.275435654,1520.4420729,1
12.028633965,-5.20055e-05,1.8043711948,37.062623962,27.806982977,1506.624119,1
9.9917874676,-4.54737e-05,1.4687919467,38.455209446,28.339048259,1548.3251463,1
4.39108782,9.35094e-05,2.3423470536,29.339367438,32.933507161,1522.893511,0
3.467612908,0.0001958111,1.6712310804,35.769158986,24.772692783,1550.5478756,0
6.3316314076,0.000210063,1.9288450775,35.812488531,25.696237098,1581.7345611,0
12.094738008,0.0002267614,1.6466625157,39.465479788,27.021158432,1425.3577326,1
4.3380380264,3.022e-07,1.4642113137,38.097794909,25.340847913,1503.6464135,0
7.8122816052,4.8619e-06,1.8804992364,37.802157908,27.362625491,1542.6011005,0
13.564787745,-2.32269e-05,1.2702247144,35.933590603,32.951009782,1530.5311166,1
21.279398357,8.08796e-05,1.3746783736,34.954071217,33.828175776,1504.6870509,1
8.9227476387,0.0001458586,1.9789714593,33.744036428,30.514309387,1584.0380393,0
3.1831019515,0.0001177453,1.5103605337,33.082399025,27.484705866,1571.0955399,0
8.7869012202,9.86988e-05,1.9001958552,33.866456077,30.930982833,1558.6108551,0
4.1495955428,2.47954e-05,1.6492323163,32.667492797,28.118598075,1607.1682189,0
9.8100847317,0.0002587963,1.5145394827,36.874407029,26.947978348,1565.2999823,1
14.884368427,0.0005927619,1.7455970539,37.618154607,28.788751729,1431.7014907,1
10.802310731,0.0001313292,1.7840308801,37.225201861,30.289690488,1498.1979439,1
8.5654605869,0.0003736028,2.5716502403,32.458145431,32.170266765,1537.4140963,0
1.8252613692,1.24665e-05,1.3977057594,35.47154451,31.38318656,1504.828763,0
12.956123717,7.54752e-05,1.214197155,32.086019508,35.676514113,1433.8191813,1
20.698517103,0.0001167408,1.4037282075,35.749811616,32.226085007,1433.5304422,1
8.7615295829,7.71672e-05,1.5142669688,37.169603485,28.497563985,1549.1494427,0
6.8548772937,1.5949e-06,1.9132292851,37.017738416,29.317159599,1520.8912134,0
4.7945703107,6.21566e-05,1.150078632,35.781774368,24.924810092,1552.8120742,0
5.3753225489,-3.40543e-05,1.580447976,35.983905609,26.435040274,1568.4111294,0
9.0873789982,3.91051e-05,1.9175166106,35.150928386,31.912718636,1547.1074158,1
12.279230971,9.89445e-05,1.3295411699,32.82524196,31.034628198,1554.8188556,1
11.057939518,-7.44719e-05,1.406174235,40.481103379,27.240193132,1547.6436428,1
9.4927116894,-0.0002506889,1.5529849059,38.353994313,26.343216027,1549.3557612,1
12.915776132,2.5997e-06,1.5092443348,39.407930558,27.04790152,1526.9476742,1
27.02362092,-0.0003420865,1.9249692259,31.950136613,35.655642861,1455.1820527,1
6.9330472218,-5.09078e-05,1.1142629776,35.261365159,30.339099821,1587.7419633,0
10.185180093,0.000229351,1.4801631502,39.039020475,27.721331558,1527.8563656,1
8.0206348331,-0.0003212281,1.3115754848,38.377702204,26.608040982,1535.498234,0
4.1418236182,7.0862e-05,1.7421610604,32.261561973,30.701789883,1482.0310006,0
7.4897682048,-0.0001835757,1.2113298197,35.102621948,26.266459463,1587.6648165,0
13.877011637,4.36306e-05,1.5072116752,37.523951541,27.438177706,1556.6269536,1
1.0397388608,-2.58916e-05,1.8322521945,32.269004461,28.988177635,1551.6592329,0
8.7174372861,0.0001291942,1.8364468892,32.489182213,32.423001096,1545.9633427,0
4.6088871154,-4.16992e-05,1.548767064,35.004455792,29.912031644,1541.4175521,0
8.9184859286,0.0005224013,1.6698598233,36.284905812,32.061422969,1439.62899,0
17.39625943,0.0001931492,1.5975654551,32.066644325,36.376139793,1516.7237245,1
2.5625454434,8.6045e-06,1.7597879965,31.41745704,34.311304866,1546.4110679,0
6.9036585958,-5.2009e-06,1.4476279447,37.002407926,31.279071509,1541.4249029,0
4.9136003636,0.0001282149,1.571474572,31.538286137,28.805552454,1538.4721124,0
8.6472135342,6.62191e-05,1.7716928658,35.69640639,33.15155179,1455.3696822,0
9.6921711367,6.73346e-05,1.9647020799,32.802342765,31.089623839,1456.4023999,1
9.8454856453,5.1472e-05,1.1518570435,31.449435812,36.436576959,1524.6328017,1
12.938848932,2.79524e-05,1.469243594,37.512048332,30.911816246,1463.7732998,1
10.944796459,0.0002371517,1.8786946832,38.432326514,28.621075822,1447.6098325,1
9.2109597463,-3.89887e-05,1.3523156251,33.603395901,31.572563524,1492.1954427,1
6.6788287825,0.0001226721,1.5193499678,35.960068725,25.599121869,1557.6088883,0
2.7792749618,-1.19102e-05,1.5876123455,36.651334835,30.285842921,1589.2061685,0
4.2813227427,8.6204e-05,2.0142048776,30.703621578,30.206196973,1531.7271719,0
10.026267496,0.0003886816,2.1053350887,35.461879717,30.481718359,1528.6392581,1
8.7807838295,9.57889e-05,1.5893841781,37.364983103,28.520116554,1518.6656678,0
14.761780719,0.0001841714,1.6647950946,38.943464025,28.011148432,1471.3102017,1
7.1229603772,0.0001691288,1.6719683691,35.857319075,30.810362391,1551.8129401,0
24.729393306,-4.30893e-05,1.4205507815,33.946515259,32.921370574,1402.2519852,1
13.008055944,0.0003924119,1.3733918348,35.353356715,33.204799986,1545.5632595,1
8.5626020979,0.0001016302,1.5950371045,35.480322902,31.900642241,1530.6873899,0
14.626266606,0.0001767297,1.4739351228,34.170999704,31.613528989,1465.90408,1
3.3181375851,3.80639e-05,1.7733005011,30.157455556,30.526060689,1576.6307646,0
7.3625669432,0.0005253241,1.7395533516,35.451768489,27.186283883,1565.7820818,0
16.96306628,1.77013e-05,1.6854260678,35.446351211,31.167460336,1395.8079191,1
9.522372227,0.0001900249,1.8171458366,34.352771765,34.020606916,1513.9658315,1
15.801628549,9.91377e-05,1.57236793,31.252354277,36.6712035,1452.2315684,1
6.9079295061,2.31437e-05,1.5066258712,33.046837961,32.307060537,1599.1056229,0
10.45583819,0.0003491762,1.7462931502,36.423051578,30.458553239,1577.9215497,1
18.448819934,3.6491e-06,1.6240962352,36.767864708,30.566099558,1504.9679318,1
13.806023622,-3.63837e-05,1.438094385,36.414063507,29.262853054,1515.5778511,1
10.614886789,0.0004112329,1.8617040828,31.290853368,35.612252506,1473.9155333,1
18.278042789,0.0003736982,1.2716762308,32.384304285,35.268587181,1456.7620058,1
15.695402465,8.92038e-05,1.5239919597,36.101529236,30.444280941,1442.1352774,1
9.0470689939,6.2429e-06,2.0305886258,38.61676756,26.225547773,1484.4596243,1
9.6595966539,-9.46102e-05,1.6009115074,34.07734407,34.563171063,1476.1716595,1
2.92531163,-0.0001381809,1.9271346952,30.480463149,32.200349045,1512.3360709,0
4.850994621,0.0001340648,1.7727073751,34.408937783,27.394485051,1592.2218925,0
9.3483754705,0.0001694348,1.4005893719,37.009119566,26.440168237,1574.9479737,1
13.534217043,7.89772e-05,0.8909608233,36.251821484,32.15508321,1452.0797428,1
10.366310015,-0.0001707629,1.9193788576,33.52258638,33.559198349,1501.8564291,1
3.99653386,0.0002532745,1.9051351231,36.750207579,30.525149878,1506.69066,0
2.3115173689,0.000172194,2.1658299842,36.628714879,24.201538498,1543.9797664,0
13.306577952,-3.24716e-05,1.1628653008,32.738182612,34.663845978,1436.6801957,1
2.5362171662,5.04303e-05,1.8311688594,35.57354677,27.907825369,1484.6327176,0
10.998762981,0.0003143511,2.4547661599,38.454572974,30.141958175,1478.673977,1
28.486501047,0.0001837601,1.5974436471,37.726347382,30.434989109,1454.5223945,1
13.548913712,2.86937e-05,1.6147928881,37.896666436,29.558601019,1518.4399399,1
12.207097049,6.03455e-05,1.9585819927,35.692354456,33.485529659,1452.5988655,1
6.8602973558,0.000291701,1.3590229575,31.335366933,34.834516206,1560.9950737,0
12.805671401,0.0001182549,1.7418800329,38.896275729,27.785378194,1470.350449,1
11.872316133,6.71967e-05,1.5244735573,38.40680955,28.505745281,1589.6884156,1
9.8501150214,0.0002499895,1.9114641559,32.007572064,33.354759061,1509.5222596,1
1.5904116266,1.0205e-05,1.4955527188,32.645578152,28.9898308,1541.6583083,0
3.3709952604,9.0736e-06,1.9891037078,33.863028587,26.17374038,1571.4667688,0
10.153530148,4.20042e-05,1.4656129004,38.952359635,29.367621731,1472.3599622,1
4.1774045666,-0.0002317955,1.8657455378,33.989401286,31.428684714,1587.6346852,0
11.140102289,0.0004820063,1.4558480557,32.077084524,34.782502725,1498.4987264,1
11.376472156,9.5821e-06,1.4499949895,38.938797492,25.892348677,1568.9715084,1
14.426772708,-4.9479e-06,2.0795374857,36.719811801,30.366558781,1539.5428868,1
6.7810107025,0.0001844766,1.863231614,35.35673679,29.952311859,1548.116629,0
10.781219663,-8.20183e-05,1.3063148137,36.511127378,30.886891965,1463.706497,1
17.586815558,0.0002181066,1.6923136377,35.883068981,31.559762529,1398.2232196,1
6.3483290119,0.0001703546,1.622162623,36.124001455,24.83129941,1566.7258523,0
6.6445753188,0.0001206462,1.9685462179,38.621025528,25.139805035,1561.5255299,0
4.4415755097,0.000141738,2.1293913156,35.433947063,27.501674007,1575.9586144,0
9.5243663393,0.0002043525,1.9973328237,32.011935855,31.603487986,1589.0385221,1
11.505041087,0.0002191323,1.5744758208,37.981508714,29.819801694,1517.4808515,1
10.42088887,0.0001888272,1.2113133558,35.679315243,31.334685664,1428.5882611,1
16.9230047,0.0002026191,1.6190323228,34.987558161,33.77054028,1471.6134671,1
6.887956244,0.0004366107,1.3184438137,33.058725363,30.78702634,1551.8160456,0
15.2680036,-3.78444e-05,1.3509074307,35.959553646,31.477614774,1480.209901,1
5.139370225,0.0001464352,1.7790225727,36.694753721,26.947993874,1609.3462309,0
7.3141150535,0.0001282733,2.0929567753,32.415962084,30.362980014,1465.0786212,0
6.2257866644,0.0001311122,1.9293672112,32.694096785,33.593569452,1551.162433,0
4.2951617775,4.82755e-05,1.5005335894,37.154363826,26.441823575,1500.0071881,0
3.7839429988,7.35688e-05,2.0709339636,34.675351963,27.971115698,1599.0734619,0
16.760945367,0.0001780582,1.4550046254,38.700988191,28.72612196,1507.5826734,1
5.5816790985,9.33236e-05,1.4468771834,36.967174572,24.132673943,1552.0048462,0
13.88528506,0.00034264,2.1532893035,37.815752312,28.441600184,1535.0658321,1
6.9233033018,0.0001828984,1.7975049835,36.359062271,30.882763146,1517.3162266,0
7.0276357664,0.0001383594,1.8671493816,35.124961801,32.843229304,1535.8187758,0
16.084747491,-0.0003046937,1.4947238729,37.139749824,30.669334405,1555.6034265,1
8.3347735977,2.39748e-05,1.1642021086,38.307654579,30.951115797,1451.1119826,0
9.9832632469,5.59527e-05,1.0274058092,34.944849402,32.572960792,1506.5019745,1
1.6641164935,2.50864e-05,2.1422187978,33.982527553,26.647411418,1578.6717371,0
20.897823075,1.25586e-05,1.8212885046,34.631533429,30.905838421,1528.6925948,1
8.2553543108,-3.34943e-05,1.6456299975,34.510507617,30.331165805,1575.0062271,0
4.7261660898,2.15282e-05,2.2887763278,36.376032825,27.075436055,1577.0612244,0
6.8595222545,-9.90847e-05,1.5789283876,32.688535557,33.930393281,1497.4520801,0
3.8823039948,-7.40133e-05,1.2297126433,33.107952156,34.272477329,1577.9589747,0
9.9462944981,-7.79817e-05,1.3641304678,37.770127133,27.572064005,1535.1819676,1
7.2086853189,5.09179e-05,1.8898151633,32.960589351,35.640429124,1434.0611589,0
16.716003274,4.49143e-05,1.425754234,31.469731089,34.276602802,1464.3215616,1
12.127216774,0.000233107,2.3228521275,35.313118139,32.741022209,1479.6865853,1
6.8872795724,-8.12201e-05,1.4446429143,34.188547582,29.892366479,1604.5109301,0
13.506768736,0.0001066846,1.0690886164,41.688293773,25.726568028,1555.5288403,1
8.4654498321,-0.0001389115,1.3152667557,34.965344519,31.85969746,1560.9869103,0
23.883985509,0.0001163798,1.6202875097,35.192440935,31.544614749,1418.5404687,1
11.710850707,0.000118336,1.2293022275,36.586252881,29.440043766,1412.5625723,1
11.123280344,1.8969e-06,1.5007292696,35.773972861,32.814721316,1457.0855989,1
8.1431774339,0.0001076222,1.9427388407,36.590617592,27.072842092,1575.0784168,0
6.0420613736,6.87075e-05,1.5375178032,31.875085708,29.570186447,1559.6902715,0
8.7439229662,1.85412e-05,1.7892794875,38.216286463,27.479369178,1486.6824163,0
5.1078440183,0.0001954277,1.6382292406,35.073453422,27.436888439,1600.7431913,0
17.30428048,0.0005910211,2.6363759869,34.575450747,32.227107915,1518.6928171,1
12.710738846,0.0003511348,1.2605583287,42.894182659,24.758734127,1558.4501595,1
9.2050450868,-8.05527e-05,1.4855578986,35.013422534,34.029395985,1453.6454541,1
6.8348572356,-6.84855e-05,1.4361512205,30.254442259,31.868109314,1599.9455548,0
2.5617775132,-1.17362e-05,1.7003054218,34.956744652,29.628477787,1572.6921526,0
3.1114411331,1.49958e-05,1.4616136514,30.77161819,30.145787473,1506.2462457,0
9.5563171471,0.0004081039,1.6911797861,29.218368861,37.567971511,1509.3053861,1
10.264762669,0.0002556027,1.5725916912,34.591530658,30.676501503,1534.921056,1
10.043098563,-4.4154e-05,1.7562998764,33.690955359,34.989333181,1473.8893049,1
1.7517897527,8.2531e-06,1.5901620035,30.929324393,31.332855876,1521.8870084,0
20.147159805,-0.0001298833,1.2316510498,36.192321119,30.780386007,1470.6236372,1
4.5343273132,2.83072e-05,1.8799433365,30.778823181,33.561734452,1500.8103175,0
11.644350778,9.87249e-05,1.431973764,36.015640345,30.118444924,1535.9530728,1
22.16203451,0.0001194434,1.5358261315,33.248446444,34.138456115,1473.5714625,1
2.4552158826,6.91193e-05,1.347259501,34.261039852,27.438271601,1568.6892056,0
10.138188384,0.0001953354,0.9163203581,34.145292368,32.325282671,1528.3636736,1
6.2318105677,5.65482e-05,1.6380471114,38.010876405,26.222380016,1589.4965362,0
3.2926008983,8.56283e-05,1.7986171572,31.977047488,32.578367749,1466.7860545,0
11.081219258,0.0001398858,1.8096729218,33.376478978,34.179690986,1502.0467988,1
4.5653129325,9.14954e-05,1.6790371102,36.634717468,23.939047937,1565.915375,0
9.7749103765,0.0007895328,1.5373417614,39.897171795,27.105787113,1469.5464313,1
10.493433131,0.0005478863,1.8188738102,40.79078784,24.8935599,1537.8164709,1
7.4018235185,4.41056e-05,1.6470282142,36.077847446,27.416327387,1577.1701584,0
12.714213069,-0.0001899393,1.3902325832,37.816932417,28.896505948,1501.7263438,1
13.172270639,9.6375e-05,1.5677554729,38.685077828,29.211675665,1497.4481406,1
5.4066310981,0.0003741717,1.6508130941,35.711726938,26.666529191,1569.2070678,0
12.591594913,-0.0001147035,1.5449442711,35.619763956,29.235105291,1481.2336323,1
2.5944217059,3.57791e-05,1.6538919255,35.109591656,26.741911942,1604.6345736,0
5.7536412519,2.42673e-05,2.3376266025,38.983751416,26.528822821,1548.7785028,0
26.418119335,0.0007017362,1.506740296,37.026828084,31.464716677,1465.4925106,1
14.375247825,-0.0001296384,1.4847205576,34.801673296,32.348764343,1457.8609612,1
16.774914513,-0.0002888157,1.417373635,36.080220808,32.644549439,1440.464959,1
8.7757198946,0.0002405834,1.3905438311,37.138904591,28.824833144,1521.8526748,0
8.0649815121,7.04427e-05,1.8237497543,39.133915125,25.984587123,1575.051166,0
8.5665791146,0.0001665058,1.894194471,35.483708715,30.411881056,1529.027591,0
27.289768882,0.0012300426,1.2834684692,34.420633065,32.652655401,1406.9375185,1
5.3905442448,0.0001519096,1.1507364909,34.305978693,28.404918709,1569.4204826,0
7.8704890757,4.53686e-05,1.0446828937,37.962891367,27.466582407,1574.9577342,0
12.697109981,0.0003087983,2.0481351389,38.010609027,28.311127205,1503.4771964,1
8.2278140314,-6.64455e-05,1.5252751973,34.637043456,26.67049316,1589.3030305,0
23.628428789,0.000417517,1.6883149374,38.168328712,32.968904454,1443.3644253,1
9.63367787,-7.57784e-05,1.4688151708,38.323226011,25.473184583,1509.1524516,1
9.1878135596,0.000385409,1.8716403211,36.219260291,28.86948852,1554.5392612,1
11.441740877,-4.4258e-06,1.3401797114,37.873137789,28.990124949,1504.8879184,1
13.484101299,2.378e-07,1.6378239848,36.956577295,31.27949441,1484.6471659,1
3.8462573177,7.7925e-05,1.8079573072,32.80128682,27.683670476,1571.1010586,0
5.1834527291,0.0001475289,1.9880591235,32.078653791,29.216948056,1512.320306,0
11.50166731,9.65168e-05,1.5945424355,38.220137978,28.338394764,1467.2354079,1
6.3135351094,0.00026663,2.0190219038,34.681822853,25.346973661,1602.4602339,0
9.7597222635,-2.7291e-06,1.7548949682,34.746928626,33.603682974,1489.4935029,1
10.481010642,-0.0001884122,1.6636129327,42.443829869,24.555515345,1565.3789341,1
4.3375897087,8.93277e-05,1.8991278458,33.635958552,29.322451601,1591.4408957,0
6.818673035,-1.77861e-05,1.6284594797,35.796005213,26.113073998,1591.6266695,0
5.0712292118,-0.0001230255,1.961818187,33.225459039,27.061884234,1594.4670486,0
12.978917525,0.0002065593,1.5073844796,39.975417094,26.91773433,1554.5648455,1
7.5302117542,3.81025e-05,1.6878668752,38.603332533,25.873506308,1539.3691478,0
10.216190661,4.19539e-05,1.734017748,36.840012152,31.945068651,1474.0824029,1
2.9031817798,-8.47e-05,1.5281044701,34.119110377,24.694257356,1584.5531125,0
9.5654880851,0.000199346,1.6807975142,35.566425331,28.13431629,1581.3816713,1
13.625204714,9.089e-05,1.5671353654,38.202390377,27.986170286,1561.2338501,1
8.726958939,2.88559e-05,1.9115007265,37.075809067,27.754936337,1497.6029793,0
11.876520141,5.271e-06,1.3510832331,36.342874813,28.134504849,1475.895652,1
9.8977410218,3.80923e-05,1.6130830184,36.544147205,31.093885509,1472.0593812,1
3.3369673992,3.18493e-05,1.3851760218,33.823173919,29.838131324,1487.5786368,0
6.6982367564,0.000191513,2.0327137718,38.537755914,26.617737582,1568.9883166,0
9.4749477738,0.0005656699,1.515826036,35.924525204,28.400882645,1521.2510809,1
3.5147090909,-7.39732e-05,1.6515944826,35.277382379,27.379542833,1558.4773168,0
11.606572309,6.07375e-05,1.4518602426,33.233786859,33.263451051,1459.9067028,1
19.351702303,0.0002251037,1.5766866403,33.547613095,34.254882803,1505.2844899,1
6.6080859427,-0.0001337324,1.5365038953,31.383851426,34.983348628,1491.4951837,0
6.6473973885,0.0001787645,2.1310118548,34.340314436,27.553660195,1576.5313778,0
9.6805107721,4.89461e-05,1.7901944877,38.40351135,28.169190873,1474.536876,1
15.218651115,-5.38029e-05,1.4469778656,34.971351845,33.173665487,1482.035405,1
8.3521536192,-7.07827e-05,1.5610952684,36.369932167,29.463458664,1551.1835606,0
11.046893401,4.03264e-05,1.7542457615,38.853839114,27.580426653,1492.2633489,1
6.6813769355,9.00072e-05,1.3669437096,34.331228033,28.553111224,1561.2727411,0
9.4657061578,0.0006079383,1.48853506,30.276129578,36.459287079,1496.4599336,1
8.8204706304,5.36481e-05,1.5748914168,38.488841149,25.221200851,1515.2425895,0
3.8761052261,0.0001565672,2.210029153,37.281621772,26.940550333,1484.3718997,0
10.569080062,1.29557e-05,1.5718864585,36.140015279,32.749583878,1467.550669,1
5.7584014248,8.38004e-05,1.8079420657,37.695904151,26.265874056,1469.4757912,0
10.708815102,-2.62545e-05,1.7726738593,37.467670006,30.03793166,1541.5536493,1
1.9902185619,0.0001220753,3.1408048879,31.243426436,32.569668657,1569.657476,0
3.9365185938,0.0001445362,1.7748843749,34.456630403,32.561813282,1587.1609913,0
5.0787774539,1.33804e-05,1.7614134579,34.874060427,29.063747484,1569.2297061,0
10.154463501,0.000271724,1.1169996208,37.984906452,23.964355006,1558.8695866,1
19.391358774,-0.000109203,1.4823495782,35.621668185,30.788262194,1522.2314124,1
13.951942688,0.0001423481,1.5095454327,33.15955506,34.395712034,1469.2665019,1
11.626276501,0.0001005882,1.7128842279,38.133435064,29.997844667,1444.9587607,1
14.478330777,-0.0001416512,1.5404480635,36.709482942,28.841509795,1465.1476383,1
5.6742084827,0.0002803643,1.6366761699,36.70759126,25.008422145,1568.6257635,0
11.374280116,0.0006112885,2.0271264558,36.828058257,31.177859772,1441.4714896,1
10.151666373,0.0001377419,1.3951432752,37.591147013,28.873148962,1509.8362636,1
7.9314258799,0.0001156097,1.5442360496,34.861419673,28.352620775,1601.8648107,0
11.948712413,-3.14946e-05,1.8497425054,37.291535651,30.443392579,1543.6573159,1
6.3502455744,0.0003144707,1.6053814255,34.331339677,29.748698308,1622.0614674,0
13.198776505,0.0006610045,1.7706338433,35.600661238,29.469500622,1592.9883146,1
7.6817049932,4.41559e-05,1.2510076227,33.357459494,34.654545873,1491.682699,0
4.1553529985,7.85838e-05,1.884752558,33.953562387,27.996604253,1545.6572371,0
7.5538067033,2.97285e-05,1.4083948366,35.114470507,30.646127721,1578.798043,0
20.133731865,7.86294e-05,1.6487342168,35.22817539,32.221284152,1441.9625882,1
11.962565565,-5.40109e-05,1.3835327013,32.533395485,35.194898888,1463.1685675,1
10.419328856,6.80991e-05,1.6329610358,37.80924009,27.330349629,1573.2440311,1
13.443662462,0.0001976038,1.6357653229,35.45897335,30.511792301,1442.2123822,1
5.2141553695,1.08414e-05,2.0180698091,35.255516442,33.040739203,1524.5652984,0
10.395819463,5.91442e-05,1.9642722369,38.434397281,31.107048877,1493.8551423,1
8.4304373385,-8.807e-07,1.5024762826,36.871681515,30.931975388,1486.9454418,0
8.8173015127,0.0001972059,1.7441716723,37.983868184,29.764584649,1551.2682629,0
15.339521241,0.0001745357,1.9243761046,34.767611421,33.406272802,1498.9448494,1
7.9559549766,-1.79011e-05,1.8264836055,34.593099197,27.717484086,1555.8804389,0
11.822920472,2.84904e-05,1.6223793778,37.229236375,29.228198619,1452.9516222,1
9.8149628708,-5.67856e-05,1.3702885437,31.738804656,35.142898602,1523.9659611,1
12.494069911,-0.0001783221,1.4461534267,31.626901844,37.191411366,1477.4857989,1
10.256120555,0.0001318383,1.6544196149,36.487219518,31.506617239,1451.2400294,1
10.16210734,-0.0002418487,1.4604015077,38.229604563,27.275002597,1560.1753027,1
7.7343734011,8.33682e-05,1.5336605492,36.307156955,30.2497081,1532.7612244,0
16.431467808,5.40036e-05,1.6083031719,33.176359971,34.402990944,1444.5792662,1
7.060683381,0.000144161,2.1101570849,39.825473084,26.190963315,1548.37462,0
21.881297862,0.0008747916,2.3198049106,36.71275744,29.425411921,1399.2414253,1
4.8926560271,0.0001470396,1.975502391,30.046640843,30.887452278,1578.2872633,0
7.4556701917,0.0001626409,1.606557211,37.957492568,27.711936022,1529.8081255,0
12.353603548,0.0001644174,1.5566100377,38.230719025,28.968263673,1587.6002018,1
7.1016214503,-8.37876e-05,1.4574032545,33.875909569,32.875028058,1552.6690625,0
9.9530240253,0.0001921341,1.9589138197,37.495964626,29.262515687,1399.0724184,1
2.2741649981,-4.5026e-06,1.3144267376,34.281656553,29.499760158,1458.0108229,0
6.0569266015,0.000186218,1.1322126078,39.12459607,28.103885129,1546.7072668,0
5.3931745897,-5.66381e-05,1.2843298968,35.432651483,28.078127646,1548.8423983,0
11.722655326,-4.52657e-05,1.6613143015,39.115309046,27.682972273,1515.9682276,1
6.9909880017,5.53934e-05,1.6904625914,32.546557587,34.746446007,1497.2335512,0
11.40725975,6.44343e-05,1.62869396,34.92962361,29.750300262,1561.0971185,1
8.3753023653,8.7403e-05,1.8297985462,36.995707586,27.3916305,1595.1803626,0
4.2645159022,0.0001814505,1.7329208418,33.813957839,29.853513332,1537.059498,0
19.866746609,-0.0003244418,1.3373501278,36.513567877,33.274204467,1423.7893095,1
11.923887871,-0.0001428539,1.7738471995,37.096661025,30.681788496,1507.2711434,1
3.8910176997,3.03414e-05,1.4389090704,31.725385993,30.924391907,1572.6705264,0
3.3032899453,-1.62614e-05,1.3224201501,34.699644802,28.419895423,1508.9052528,0
5.793282445,0.0001293443,1.5725067064,31.396752233,30.148036128,1559.3492073,0
8.183097644,0.0002263072,1.9244702308,34.73052552,30.162997898,1562.7908117,0
10.154607952,1.47497e-05,2.0951907324,36.996543117,28.422314197,1585.1585133,1
9.9817806696,7.93835e-05,1.6409258083,34.922678846,31.353924914,1508.8539123,1
5.4073481051,-5.19497e-05,1.4185322721,35.042807914,27.236217951,1568.9106265,0
3.0133613726,6.50094e-05,2.2167969179,35.074841796,26.205483643,1500.0094646,0
15.607834708,-0.0004223263,1.0143693889,38.19142237,28.899453194,1533.1946903,1
8.6044259048,5.00111e-05,0.7889370556,35.394947929,33.035765553,1454.5826239,0
18.590888773,0.0007094064,1.7149586563,35.945257439,32.086277426,1505.4169124,1
2.9335082978,-6.90121e-05,1.6223895072,33.56892295,32.523595476,1580.7815693,0
17.081418156,0.0002512075,1.6989807387,31.506544669,37.347523827,1487.6356875,1
11.589615143,0.0001585931,1.1024069392,39.586848113,26.879100542,1512.0469791,1
12.852242488,-6.07967e-05,1.1616284733,41.337742199,27.502394386,1443.6845361,1
9.1307611832,0.0001454154,1.8828801551,34.90535565,31.174687667,1494.990478,1
8.904133394,-9.59755e-05,1.520333419,34.538150276,32.913891857,1529.4757114,0
8.3644865441,-3.64193e-05,1.3319227783,40.063833805,27.302753499,1600.4212539,0
5.1860148193,5.6974e-06,1.653563597,37.593916146,25.03888741,1551.1670343,0
13.10892632,0.0001535667,2.313925591,36.004819763,32.467467492,1474.9888977,1
3.6153227468,0.0001331143,1.5993098768,34.099273555,25.277906375,1561.4627549,0
5.3866374058,0.0002068097,1.6968634172,36.799275243,25.861440183,1583.6934178,0
5.7467900429,0.0001034597,2.0104954042,30.866864591,33.320098772,1513.2492629,0
11.024055954,-2.58333e-05,1.4955154715,33.346166723,32.884526588,1500.3494995,1
8.8803840863,0.0003271616,1.7423261847,37.815477023,26.185921321,1534.821966,0
9.1328717269,-4.91724e-05,1.7542326951,34.103154881,33.201423626,1513.5171427,1
11.294639236,-0.0001513444,1.4367616962,36.927456573,30.922278328,1545.1489218,1
8.965054351,-0.0001582293,1.1197878953,38.952092727,25.573328034,1537.6406987,0
10.732991819,-1.80473e-05,1.7136459,39.719931907,26.935247933,1471.5102298,1
6.6062552533,-4.67876e-05,1.4096601432,35.64027616,26.21138962,1552.7559722,0
21.983509724,-0.0003423286,1.4351699081,36.91886852,31.26065434,1483.5560159,1
10.09896289,0.00010051,1.8419724962,36.753560693,28.904331638,1550.4577139,1
5.6741556741,0.0001394819,2.0664514344,34.113059273,26.590538889,1501.5888362,0
11.762285324,-2.90163e-05,2.4034080127,41.121151813,25.479814862,1467.4576391,1
7.3493301086,5.33933e-05,1.6360845482,34.908881566,28.621813894,1584.7028543,0
9.7169693947,-0.0002764746,1.6158004863,31.712863158,36.560810349,1468.0923869,1
17.628078172,0.0004947678,1.6205478822,38.795227051,30.299068979,1457.7286887,1
17.097361905,2.83269e-05,1.14967798,34.034759466,33.154468016,1494.9832787,1
17.901562982,0.0001472983,1.7179335136,33.713342148,31.660130789,1462.2260617,1
9.9261601334,0.0003565279,1.8161400708,35.287334246,32.381506492,1419.3919385,1
15.187458846,0.0002604564,1.2428359275,35.752209076,31.074004156,1536.5937829,1
2.7198664098,1.24429e-05,1.7738483618,33.084010556,33.065186452,1503.7486594,0
7.0687086471,0.0003033194,2.1609028535,37.920189336,28.366992376,1505.6271309,0
14.103918043,6.55966e-05,1.9376847118,37.739258383,30.691831525,1441.470285,1
13.423938545,6.45088e-05,1.6302054246,36.291623014,28.835967813,1534.1016447,1
8.3724698692,5.33542e-05,1.7461883823,38.384113352,27.048314104,1530.9054298,0
8.6759819655,-2.20847e-05,1.3981872561,34.159959043,33.898065728,1514.7617031,0
4.781569831,0.0001802654,1.5143855357,39.136241131,30.373883946,1431.7266902,0
11.351749977,-0.0001907878,1.5649728372,36.119383432,31.925375026,1497.8178566,1
9.5919884051,2.16227e-05,1.3839681439,35.252320537,32.004795124,1508.2368873,1
11.590828115,-2.82663e-05,1.398683269,39.319097016,27.641255224,1516.8613097,1
3.5884022331,3.00192e-05,2.1487462583,33.786922988,29.162429128,1528.7726614,0
11.174524935,5.64221e-05,1.368884633,37.860140211,26.450470587,1518.7641098,1
10.544622821,0.0003160211,1.9311589895,36.12389923,31.878960583,1498.8317273,1
14.48718332,0.0006873873,1.2586316393,36.145840685,31.310656195,1421.5619297,1
19.626326941,0.000700799,1.4762132979,37.132746799,29.768374285,1469.4748623,1
3.8403390959,0.0001951676,2.1878336612,30.733380718,30.762111489,1545.8982897,0
8.7338119376,-7.62051e-05,1.8735170436,39.289854876,26.862282824,1490.6931882,0
10.649595874,4.0966e-06,1.6191495779,36.921864158,29.151854557,1494.5887051,1
10.89264811,-0.0002679839,1.1879801549,34.128095208,35.030181048,1427.2773664,1
11.080414388,7.05883e-05,1.1453627818,35.026688536,31.980630484,1522.2015953,1
10.132522173,0.0001606719,2.0854588101,37.350164676,29.972498443,1476.1496852,1
10.522798554,-2.49982e-05,1.3440947855,34.249169353,31.903999643,1546.1642217,1
8.1341572219,0.000184276,1.3794351794,38.09730888,26.008063931,1573.9911398,0
3.5997516524,0.0001266082,1.0089582615,31.965214315,31.023505481,1518.7965949,0
5.2209793799,-4.59249e-05,1.0960779449,35.602971622,27.674418239,1595.1307454,0
9.6518718165,-9.65971e-05,1.4964191062,31.738417394,30.137891097,1582.1710114,1
7.3292983802,-8.09348e-05,1.1833370761,35.271127268,27.833395087,1557.045133,0
4.077323643,0.0001618388,1.6209555356,37.579155722,28.186316826,1549.0891773,0
12.15485945,0.000264346,1.6541514937,35.799320389,28.760900068,1582.0533068,1
19.347092237,0.0009174681,1.8946128091,36.840770643,31.573138173,1405.3493965,1
3.3244614926,0.0002601729,2.3686223969,32.156550601,30.93729741,1521.2107452,0
9.1636238268,2.28978e-05,1.2440641927,38.506926655,28.861848475,1529.9401382,1
11.382987062,0.0002145661,2.3735227456,34.184317389,30.250967934,1562.0614344,1
12.289692009,0.0001216646,1.653280321,36.319250993,31.414668802,1478.8585166,1
13.897221724,0.0001488574,1.43732834,33.399011802,31.142642137,1452.190347,1
12.735792052,0.0004143865,2.467722842,35.916597705,31.267958323,1467.6826581,1
7.2974842178,0.0001571824,1.4388954821,35.281690673,30.841468219,1565.115995,0
15.129823759,0.0001326714,1.7687281407,38.846757064,28.094767245,1397.0030575,1
13.81775514,0.0005681194,1.3135546559,35.081155974,31.468471743,1452.9665437,1
14.209566291,-0.0001492899,1.3654505291,34.224958617,31.026265721,1509.5441877,1
14.318442289,0.000260908,1.5106675297,36.438713622,32.103225189,1475.8637908,1
3.5780934313,6.4609e-06,1.6539940313,35.81607337,30.482696317,1536.5662698,0
14.388638047,0.0004183725,2.8592342088,36.200878803,29.444786704,1491.2834713,1
10.583507352,5.81867e-05,1.5893063932,38.266826244,29.067660011,1531.8807199,1
2.3475822491,-9.8041e-06,1.4949287313,39.885911285,27.272543392,1523.3299515,0
12.368061623,0.0001178624,1.5127063528,38.979481048,27.958884505,1512.4566356,1
12.010288698,-0.0001056143,1.3517114219,34.179726167,33.665826339,1427.1707015,1
8.1503174939,0.0002465812,1.7132522604,33.97230548,32.363605816,1516.7607284,0
5.7604160475,5.00232e-05,2.3152884514,36.28908279,25.481936867,1573.6941357,0
7.4884676709,0.0003549457,1.6664981915,31.155876353,31.780581751,1546.1795058,0
6.1389854927,0.0001912101,1.426633043,32.905269579,32.441480006,1593.9208068,0
3.9882541957,5.50144e-05,1.2995114175,36.904384904,27.560526244,1578.4844589,0
6.5336658062,-5.01256e-05,1.5169094378,36.898156241,24.55621791,1558.7777296,0
15.238329064,0.0006180133,1.7757158639,38.03598642,30.29709653,1511.5404943,1
14.580268978,1.76322e-05,1.6134125742,37.597725216,28.895266441,1466.696492,1
9.015520735,0.0001920466,1.9378633116,34.086968301,32.425569999,1565.3759921,0
5.2776747353,0.0001304213,1.1147696159,30.203606696,32.506705129,1493.1313246,0
5.9657643569,0.0001436542,2.0021460569,34.557137631,28.354688983,1529.3213414,0
14.945565371,0.0001426708,1.5054180227,36.451475094,31.239615104,1474.716532,1
10.718256709,-0.0002600127,1.4804108704,36.816872842,29.899148367,1577.2858921,1
14.393246026,0.0001297036,1.3351086075,38.645213014,29.041929635,1492.0761268,1
11.487274207,0.000195367,1.1206651842,34.552941988,34.168094854,1478.7009626,1
13.291309365,0.0002151606,1.5312059538,36.491043665,30.41348432,1476.683284,1
3.4424686906,0.0001658534,2.2248911787,33.469693113,27.922732446,1569.0172975,0
7.8067739202,2.74378e-05,1.4182912107,36.155204712,30.24604375,1463.2807949,0
13.336294069,7.4638e-05,1.6211640993,38.740254937,28.079913739,1403.5611574,1
11.053072889,-0.0004046277,1.4160059193,33.549806807,32.858678654,1536.7810749,1
7.0473446122,0.0001001465,1.7199248094,35.43446119,27.258312925,1596.5498349,0
6.501885705,-7.90585e-05,1.4156536075,35.231380257,25.024877291,1586.3012112,0
17.299085703,2.2396e-06,1.9761884628,37.580103997,31.065714743,1469.0936763,1
11.962782602,6.69786e-05,1.5000129136,42.795944691,24.624211004,1522.0876534,1
10.334563161,0.0002429431,1.6378314687,35.944563053,31.192913291,1398.8214202,1
6.6947333633,-0.0001506322,1.267368164,38.052896116,25.641487704,1582.955847,0
19.402685622,0.0001532209,1.903973697,34.222594793,31.160783446,1490.0723323,1
9.5548545256,0.0003838283,1.4894213817,38.824736665,26.738900643,1468.9783434,1
7.6369275033,-3.04719e-05,1.6226455237,35.622355117,28.283111422,1591.2669625,0
3.0725323161,0.0001542116,1.7341367742,35.192038239,29.897850391,1549.2883401,0
7.8441835629,-7.58992e-05,1.4027607065,37.661535395,27.47530916,1542.9668549,0
9.3191070065,8.0036e-05,1.3446639241,39.073330629,26.614627291,1608.3598388,1
2.2139496109,2.20103e-05,1.8810767152,34.503401749,32.157135712,1515.2967236,0
6.8409212954,3.26805e-05,1.7822789511,34.76927647,31.384032989,1532.1597103,0
6.1859529026,0.0001506362,1.5916530433,36.925288247,29.998552902,1575.7816892,0
11.748319856,0.0003415446,1.7450814623,38.571804304,28.003418558,1485.5334508,1
9.6666272421,-0.0001334684,1.6249360128,38.12643689,29.526554618,1486.7111119,1
5.1778655626,-2.528e-06,1.6423876799,31.228569356,33.119095444,1516.5173227,0
12.368876868,0.0002679363,1.531717783,33.273763347,33.856688313,1539.5694304,1
4.2050909249,1.32388e-05,1.2361338119,31.976116402,34.539633173,1570.8571184,0
12.778292062,0.0003456268,1.5421190544,36.397288537,30.77178843,1487.864606,1
18.467911222,-0.0002572988,1.6156704483,34.861101932,32.896306595,1462.2292027,1
6.7975074478,-3.686e-05,1.5023497905,33.077369846,27.98171162,1571.281123,0
10.029790419,0.0001234862,1.4431739708,40.064338046,24.529202501,1577.3156228,1
9.8249297303,0.0001514342,1.5277963853,33.861667855,30.595308815,1531.2173675,1
5.5362498141,8.04883e-05,1.7797447465,36.628960021,26.268973732,1495.5782704,0
7.8139788494,7.45279e-05,1.9646775859,35.317889251,27.41389912,1583.3231643,0
22.371555473,0.0001937672,1.670759707,36.591568215,31.058385886,1484.7652951,1
1.7724423379,9.65103e-05,1.7359443294,35.534094184,27.892008582,1521.3543178,0
9.0167549361,-0.0001142058,1.4506259667,34.789144326,31.302406554,1607.1712621,0
10.123047842,6.90439e-05,1.446058512,39.838013878,25.986406085,1492.7971201,1
12.854821653,0.0005607164,1.9506001438,34.145318594,33.365574458,1480.1899586,1
5.6046719844,0.0002664111,1.8066232447,37.469928247,25.988908581,1529.3097873,0
13.48600649,0.0005523246,3.2954802323,36.750586086,31.715030092,1582.62694,1
17.233375555,0.0008533791,1.2649278806,38.946158399,28.255993711,1475.8962963,1
5.1739979351,1.03549e-05,1.8380840817,33.171741629,27.520457392,1555.0449872,0
1.209168342,-4.05453e-05,1.8712169283,29.189525877,31.833734702,1486.9081986,0
23.146531229,-0.0001569235,1.1599744669,33.923939949,33.920343185,1500.2763329,1
12.319078767,0.0001408133,1.4637609123,39.395622891,27.601374585,1519.4260028,1
8.1939660821,4.00757e-05,1.3209076704,31.321350125,36.417282192,1493.1548725,0
1.9275190346,-1.74051e-05,1.5358305902,34.022145265,26.895544,1595.4463164,0
2.591635825,5.69019e-05,1.5748333337,35.247080328,28.441847183,1494.4340591,0
15.696303279,-0.000452056,1.1223063968,38.717109275,30.752023537,1436.9356942,1
9.1295450231,0.0001253703,1.6300022943,38.20990716,28.286390905,1495.2737431,1
4.5926989459,8.17411e-05,1.6201154456,32.962121705,28.395235562,1525.1844165,0
8.8639445221,0.0002379546,1.9226816484,37.460678274,25.07189802,1565.0865053,0
2.9954590375,7.51834e-05,1.7291784145,30.288779328,31.37253134,1461.3232007,0
11.225421323,2.0082e-06,1.1720676009,38.949271773,28.252101132,1507.865141,1
4.5998799345,0.0001157386,1.8789970319,37.02235523,26.600260071,1575.2553959,0
10.235913529,-1.07601e-05,1.7721809835,33.667207435,32.814597476,1546.4860858,1
5.4291712783,-0.0002050173,1.4426155771,33.815197515,32.469085707,1477.7256126,0
10.562793103,8.24693e-05,1.4916046019,40.16472812,25.659280793,1584.5579636,1
12.346988925,-1.9439e-05,1.8155265848,35.031291582,30.782065176,1509.9188506,1
5.8957911949,-6.03217e-05,1.4760848348,35.280247108,27.886167045,1525.2166835,0
7.3729268334,8.01306e-05,1.5719887414,36.01611838,32.116950135,1450.5479328,0
6.9388388082,-4.81368e-05,1.4199968071,37.304404108,28.135735686,1594.4859747,0
19.928231386,-5.71675e-05,1.0849189867,36.959687183,30.115410866,1455.6048788,1
9.8501948677,0.0002384754,1.6387785429,38.885153165,26.71161866,1492.6065528,1
10.096495774,3.61317e-05,1.3512236349,35.346441644,29.87857394,1548.5474469,1
10.01400712,5.06302e-05,1.4760047287,37.083828022,29.667664042,1518.304057,1
8.6217791621,0.0001503918,1.928872313,36.210821624,31.269195544,1519.694535,0
12.280184895,0.000227298,1.544593174,35.199915213,33.818559416,1439.3639684,1
7.1060122915,0.0001283888,1.6352461865,31.771368399,33.454417392,1535.1488154,0
11.268014444,0.0001171494,1.5846521958,33.77362261,34.248980619,1478.7082244,1
18.502265821,0.0003636553,1.8491850361,34.003569642,34.435972261,1434.6444883,1
4.5877924875,-0.0001281259,1.6953932775,35.017141982,32.135518011,1599.7963441,0
12.626429731,-2.21041e-05,1.6680426162,33.04984494,33.602629152,1521.3196201,1
12.620591986,2.57986e-05,1.1060159557,34.990400923,33.039761136,1441.1497765,1
14.607527802,0.000292305,2.0389991059,37.096159319,29.656170922,1509.4275069,1
16.549694637,0.0003102531,1.817669738,39.05007239,30.227526232,1412.4107913,1
15.833341982,0.0001040388,2.059474661,36.162462437,32.307211959,1551.4421109,1
8.9515321335,-8.52545e-05,1.8235837474,36.683414623,27.368351542,1603.9169586,0
6.0354115381,-6.80359e-05,1.2250433311,34.709406797,28.3197933,1637.3264344,0
10.25299117,0.0002413024,1.5216411779,39.875529887,26.253494689,1552.0798636,1
9.7247015643,0.0004286698,2.1435236007,33.486028084,31.654676213,1466.944691,1
5.6429125644,7.71714e-05,1.7053994602,38.121704762,26.458888847,1536.3446693,0
6.3214863808,0.0001238109,1.7012277225,34.952333199,26.759277307,1568.5616028,0
16.265015389,0.0002630261,2.0279844985,37.595661052,29.484947283,1504.0901491,1
4.0985408804,0.0001698536,1.7910903347,33.083610786,26.383129468,1558.191269,0
8.3404590099,-0.0002188063,1.1926336694,35.327950956,31.921344646,1517.085625,0
14.006947215,0.0001416842,1.9531858658,38.018914463,29.626264423,1498.1617125,1
18.480054241,0.0002321103,1.4434201099,35.692842314,31.775559453,1436.3719643,1
12.868165555,-2.7607e-06,1.3923653311,38.479998521,27.763323099,1572.3177768,1
7.2795527972,0.0002252034,1.1638644337,35.761680611,25.840124239,1565.7173522,0
14.973061143,6.11882e-05,1.4168998959,35.804906538,31.372394144,1529.8097119,1
12.888318143,0.0001677904,1.711680383,38.081296766,28.69616452,1488.7893369,1
14.124612092,0.0001219834,1.6348370743,35.826208198,30.245225283,1462.4568651,1
11.305392777,0.0001771353,1.4330822731,37.518304846,27.256948757,1503.0516907,1
7.0262610967,9.058e-05,1.6198596997,32.414174487,36.806431005,1451.9042161,0
7.1400096113,0.0001971527,1.9994573148,37.626997226,26.99245653,1521.5237802,0
7.2564044772,0.0001504899,1.5921552361,37.141999043,30.47605722,1553.4262484,0
17.016379583,6.78226e-05,1.5680680445,36.44765548,29.072783659,1467.1787348,1
4.3019394734,-2.45491e-05,1.6549071831,37.799440322,25.19177765,1561.4223121,0
7.4779883018,-6.90983e-05,1.2727089437,35.947189054,29.990361015,1556.7434927,0
9.7115320528,4.23481e-05,1.6917119352,37.304435056,25.455684302,1603.2460544,1
11.749443285,-0.0008008511,1.1006226658,39.727788491,26.425476279,1579.0541269,1
7.5167466511,7.58268e-05,1.5964253684,38.788358053,28.881673709,1568.232694,0
7.6106933579,0.000144179,1.7592780738,33.343757781,32.451929378,1499.4175923,0
7.0326716924,4.64214e-05,1.2182324124,35.209481379,27.374119868,1583.071279,0
8.9719450366,0.0002161878,2.1952758643,40.463522313,25.560164975,1459.4653949,0
5.9132549642,1.76013e-05,1.8766636532,34.514577405,33.488352206,1558.4168823,0
4.0194486924,0.0001007672,2.2189840511,34.364531223,29.181361437,1544.8835347,0
13.233508487,0.0005088638,1.2403636379,37.798884143,29.644629848,1471.9081201,1
6.1036484004,6.90752e-05,1.566237188,34.774745175,30.169525676,1563.9648874,0
12.040127903,0.000161455,1.5245822322,38.389710213,28.70756532,1489.6426934,1
8.2991686756,1.02462e-05,1.6267731115,31.880533384,35.131197359,1480.9807865,0
9.456951573,0.0001994867,1.8981841282,37.233739102,27.987602093,1561.9420251,1
15.69589966,0.0002659498,1.8889894675,35.837467311,31.501966377,1503.254962,1
6.6375360302,0.0001179638,1.4363388008,32.854590686,29.254244919,1575.3844461,0
5.5171274086,4.96026e-05,1.68427842,36.889612638,27.243637291,1498.5567395,0
9.7875128623,8.40749e-05,1.0826791664,38.428478466,25.860117034,1583.553557,1
3.0714368034,8.46687e-05,1.3849997856,32.797801049,31.759154844,1543.4495434,0
13.197590152,3.53368e-05,1.438764771,34.330853408,32.584629413,1556.3722313,1
6.7671380184,-1.37514e-05,1.4816408764,37.345771916,27.103506979,1528.3862544,0
5.786323336,6.22124e-05,1.05750408,36.874298854,25.92493594,1551.6921359,0
10.551048656,0.0004362336,1.5192710737,35.702485451,31.949930565,1526.7493362,1
10.335256863,6.35018e-05,1.7828027004,34.928081351,30.163719549,1534.9494372,1
8.489583758,0.0001275015,1.5782346654,37.797878642,29.321065947,1532.554037,0
7.7416575599,0.0002242951,1.604341847,33.348335292,29.13081771,1587.0555736,0
7.6579113291,-1.77595e-05,1.5402344712,38.404470784,29.152462906,1450.4811649,0
17.356652774,0.0005122918,1.4089968643,39.060494936,30.697319147,1427.0630313,1
7.4615033187,9.97925e-05,1.5052050273,35.997988001,25.503171405,1607.080619,0
7.5685585118,-3.5777e-06,1.8128985247,34.047485382,29.163671631,1543.2804485,0
3.5532454771,9.26908e-05,2.3300892803,36.767745594,24.612603656,1544.7491068,0
11.159380475,0.0001942444,1.4490184974,39.671944982,26.93376077,1503.2749111,1
8.4705736728,9.27635e-05,1.7496543086,31.739880262,34.815664602,1513.4477002,0
7.3410487717,5.20848e-05,1.2981451056,39.92398049,27.748906544,1525.2084618,0
5.1715274026,-0.0001658117,1.5243571216,38.201794197,27.268888358,1569.9957081,0
13.750437143,0.0001256358,1.6923633725,34.120673801,30.574496218,1518.5900686,1
16.010894004,-7.11127e-05,1.9886883592,38.272619788,30.836069693,1437.440471,1
18.236067178,4.97057e-05,1.3759392202,39.747786204,28.460132896,1431.7713041,1
4.0635078232,0.0001091549,1.6042303354,36.174902619,25.807359382,1572.6893687,0
11.603039369,0.000359774,1.4832175106,33.626193361,30.973156377,1515.1681152,1
17.957602335,-0.0001237925,1.6600624628,37.85311537,31.414845722,1456.074454,1
14.728226632,0.0001959562,1.4239375165,36.218197341,30.115745997,1422.1399578,1
6.4078717712,-0.0002631103,1.2019288089,34.29752009,32.540427429,1560.4663796,0
7.9581135702,2.33297e-05,1.8527683215,37.618930493,27.302568319,1494.7978705,0
12.398143763,0.0001597283,1.664755311,33.510693813,33.898998019,1526.6420664,1
6.8781402307,0.0001898869,1.5322931605,37.394236817,27.460535624,1565.8082803,0
6.5509645039,-5.86823e-05,1.5122413396,34.273477286,26.928974241,1532.0110801,0
19.055719088,0.000164106,1.7018627928,37.073305186,30.524013953,1523.3998324,1
6.0376608953,-8.5527e-05,1.4405058572,39.616588008,27.487045896,1597.1936035,0
7.9307881447,9.15997e-05,1.6784054554,40.004025365,25.370680505,1531.7419036,0
8.3841662711,-0.000102928,1.4749480497,37.179805243,30.446478369,1522.7463057,0
2.3329240953,9.4919e-06,2.474378943,33.804450065,29.395067756,1487.759143,0
5.9562582797,-1.50209e-05,1.4911501411,37.28214465,24.219746955,1561.598561,0
8.3740906849,-7.83316e-05,1.5576292753,40.501984478,25.883132174,1531.5331568,0
9.1877686088,0.0002113308,1.7310782504,32.494782116,33.451413927,1545.2925937,1
6.6164230852,0.0001388498,1.5851648298,39.203569487,26.589356634,1510.4161025,0
13.276984799,-0.0002995688,1.4018448853,33.359767826,31.09723741,1534.0091273,1
8.2580839036,7.00396e-05,1.6225764129,37.410914235,30.477993499,1575.6597277,0
5.2047660134,0.000137555,1.5081137764,36.173254874,29.084358299,1538.6287101,0
4.0766563084,0.000134669,1.7394708263,35.437056256,30.284016005,1475.1484037,0
10.534994382,-5.32547e-05,1.5295123749,39.326626335,29.408936975,1470.4666981,1
4.5831479474,0.000167621,1.8507583191,35.853993823,27.268780544,1600.5451159,0
5.3678473991,0.0001780156,2.2343137568,34.131759987,27.753044222,1572.9900487,0
12.826448707,1.93691e-05,1.7259817491,35.036566067,33.727604254,1507.2009892,1
8.7355906984,7.64756e-05,1.6636653136,33.221820389,33.690925775,1479.662035,0
10.712156873,7.12586e-05,1.5572754847,35.172162645,30.061887306,1540.9793833,1
5.605149665,8.50577e-05,1.5146284074,39.067312183,24.243338862,1548.9905253,0
7.2615684151,-0.0001640037,1.4224253815,39.10354403,28.311171754,1548.5939451,0
9.4161978848,0.0001028193,1.5207042461,39.656425759,27.275926273,1511.3105343,1
9.9589040308,0.0005930148,1.2748718709,35.65894111,25.88248321,1564.9607152,1
10.844172288,-0.0002988017,0.8816074999,37.602840577,27.633514471,1495.8859047,1
10.884150143,-0.0001566381,1.1852794183,31.09038523,38.622192574,1468.6033051,1
10.39184971,5.91801e-05,1.5442873069,34.628877955,32.848471722,1463.0564409,1
13.243079503,0.0003110323,1.3271659448,36.522066396,29.95394674,1462.5644478,1
4.4430992498,-6.15371e-05,1.4633511745,36.424665601,28.714395361,1588.8474706,0
13.310269578,-6.67343e-05,1.0560409462,33.916225719,32.825653225,1517.7136704,1
8.2028820589,-8.86507e-05,1.8843402578,36.358148269,31.021756168,1489.4907523,0
11.84050284,9.78941e-05,1.6343650326,37.810506396,28.168823458,1565.4729611,1
4.4477542886,2.65993e-05,1.5794366859,33.266031134,29.957647184,1541.4756522,0
8.0747414156,-3.30077e-05,1.6893739014,38.553917863,28.453876935,1542.934873,0
15.82623981,6.66247e-05,1.4768098318,36.979151737,28.03780736,1496.8375466,1
6.6450680369,1.9369e-06,1.6277808756,36.976212302,26.499165441,1586.8133141,0
15.860572443,1.388e-07,1.5316677107,36.361807333,31.231311366,1459.0603149,1
10.735103098,0.00011079,1.3616253531,40.263822709,23.858994853,1565.0347975,1
5.2030781644,1.2803e-05,1.3986164295,38.828101361,25.253204666,1561.9378641,0
3.2415110444,-1.11457e-05,1.8554077463,29.467839161,31.507774695,1561.2395926,0
11.531035005,0.000145107,1.6268308459,37.611968469,28.437639672,1495.0756631,1
7.4979612832,4.66346e-05,1.5607500749,38.578873238,29.519582748,1482.4037219,0
18.90928039,0.0004234452,1.5102766086,34.439943616,29.875410875,1472.2569786,1
7.4461335517,7.57717e-05,1.4835573131,35.376746486,32.604337423,1464.7263207,0
10.464220042,6.74198e-05,1.4523347708,38.539830277,26.398599761,1547.9776245,1
5.5349110603,0.0002277596,1.7950671598,38.017774102,28.252845978,1512.8768311,0
11.257081748,-0.0002841232,1.5766937545,36.574567236,29.928992515,1467.972045,1
7.2590116126,3.23945e-05,1.6764513376,35.371084377,33.280638852,1533.3675061,0
13.983640853,-0.0003065338,1.629961159,38.046299095,28.291718473,1494.2290936,1
15.579944703,0.0002150015,1.2803077204,35.57843162,31.613918661,1433.5275325,1
6.1255441593,-0.0001337563,1.5023653277,35.059485877,33.025119145,1569.1906229,0
8.7460004899,0.0001728345,1.5078852509,39.612827673,24.346019573,1571.3347792,0
7.9818561356,0.0003362336,1.5041888909,38.996014396,26.328966554,1489.8893569,0
13.720566694,-6.34557e-05,1.7740290561,36.805065583,30.006742815,1598.603275,1
3.9225605925,7.38577e-05,1.3779546304,30.986096099,31.386665728,1543.4019164,0
5.2287256243,0.0002732689,1.5745584757,30.7911575,35.33005376,1552.8227314,0
5.7019786041,0.0001169067,1.9793631796,29.570006447,32.064691287,1507.2762307,0
7.8410656054,0.0001160408,1.8706889087,34.417200724,29.434106068,1556.1915233,0
15.404102733,0.0007890402,1.6363028003,38.431369833,27.145750863,1517.0963936,1
8.4254565697,-5.87957e-05,1.5125836717,37.30853608,29.181675007,1518.9577449,0
9.7077378797,7.57461e-05,1.3378938769,38.468715349,28.530850125,1520.8643726,1
9.7242330642,2.64291e-05,1.791680328,37.515543951,30.089412688,1489.2180511,1
14.518722448,0.0002056395,1.1778538038,31.901254512,36.615255494,1481.6224652,1
11.581932747,-1.95002e-05,1.6354469041,34.573355447,33.083712274,1487.7699737,1
4.8395674518,-0.0001066853,1.4807885386,32.834684044,33.575255017,1566.0195159,0
8.5645953369,3.22037e-05,1.480263158,34.093675777,32.105792263,1555.1780626,0
10.57552078,0.0001393251,1.5933752109,38.118562794,30.275112199,1458.0044445,1
6.7545899671,-9.90008e-05,1.6639834751,36.680149086,28.451789289,1571.6431016,0
14.01711422,3.8166e-06,1.2292397826,38.30499996,28.694302375,1539.1100475,1
